--------------------------------------------------------
--  파일이 생성됨 - 목요일-9월-21-2023   
--------------------------------------------------------
--------------------------------------------------------
--  DDL for Table ACCOMMODATION
--------------------------------------------------------

  CREATE TABLE "GOODCHOICE"."ACCOMMODATION" 
   (	"SEQ" NUMBER, 
	"ACCOM_ID" VARCHAR2(10 BYTE), 
	"ACCOM_DETAIL_ID" VARCHAR2(10 BYTE), 
	"ACCOM_NAME" NVARCHAR2(40), 
	"ADDRESS" NVARCHAR2(100), 
	"ACCOM_RATING" NUMBER, 
	"ACCOM_REVIEW_COUNT" NUMBER, 
	"CHECK_IN_TIME" VARCHAR2(10 BYTE), 
	"CHECK_OUT_TIME" VARCHAR2(10 BYTE), 
	"AD_GRADE" NUMBER
   ) SEGMENT CREATION IMMEDIATE 
  PCTFREE 10 PCTUSED 40 INITRANS 1 MAXTRANS 255 NOCOMPRESS LOGGING
  STORAGE(INITIAL 65536 NEXT 1048576 MINEXTENTS 1 MAXEXTENTS 2147483645
  PCTINCREASE 0 FREELISTS 1 FREELIST GROUPS 1 BUFFER_POOL DEFAULT FLASH_CACHE DEFAULT CELL_FLASH_CACHE DEFAULT)
  TABLESPACE "SYSTEM" ;

   COMMENT ON COLUMN "GOODCHOICE"."ACCOMMODATION"."SEQ" IS '시퀀스';
   COMMENT ON COLUMN "GOODCHOICE"."ACCOMMODATION"."ACCOM_ID" IS '숙소 ID';
   COMMENT ON COLUMN "GOODCHOICE"."ACCOMMODATION"."ACCOM_DETAIL_ID" IS '숙소 세부ID';
   COMMENT ON COLUMN "GOODCHOICE"."ACCOMMODATION"."ACCOM_NAME" IS '숙소명';
   COMMENT ON COLUMN "GOODCHOICE"."ACCOMMODATION"."ADDRESS" IS '숙소 주소';
   COMMENT ON COLUMN "GOODCHOICE"."ACCOMMODATION"."ACCOM_RATING" IS '숙소 평점';
   COMMENT ON COLUMN "GOODCHOICE"."ACCOMMODATION"."ACCOM_REVIEW_COUNT" IS '숙소 리뷰 수';
   COMMENT ON COLUMN "GOODCHOICE"."ACCOMMODATION"."CHECK_IN_TIME" IS '숙소 체크인 시간';
   COMMENT ON COLUMN "GOODCHOICE"."ACCOMMODATION"."CHECK_OUT_TIME" IS '숙소 체크아웃 시간';
   COMMENT ON COLUMN "GOODCHOICE"."ACCOMMODATION"."AD_GRADE" IS '광고 등급';
   COMMENT ON TABLE "GOODCHOICE"."ACCOMMODATION"  IS '숙소';
--------------------------------------------------------
--  DDL for Table ACCOMMODATION_INFO
--------------------------------------------------------

  CREATE TABLE "GOODCHOICE"."ACCOMMODATION_INFO" 
   (	"SEQ" NUMBER, 
	"MAIN_CD" VARCHAR2(10 BYTE), 
	"SUB_CD" VARCHAR2(10 BYTE), 
	"ACCOM_TITLE" VARCHAR2(50 BYTE), 
	"DETAIL_TITLE" VARCHAR2(50 BYTE)
   ) SEGMENT CREATION IMMEDIATE 
  PCTFREE 10 PCTUSED 40 INITRANS 1 MAXTRANS 255 NOCOMPRESS LOGGING
  STORAGE(INITIAL 65536 NEXT 1048576 MINEXTENTS 1 MAXEXTENTS 2147483645
  PCTINCREASE 0 FREELISTS 1 FREELIST GROUPS 1 BUFFER_POOL DEFAULT FLASH_CACHE DEFAULT CELL_FLASH_CACHE DEFAULT)
  TABLESPACE "SYSTEM" ;

   COMMENT ON COLUMN "GOODCHOICE"."ACCOMMODATION_INFO"."SEQ" IS '구분ID';
   COMMENT ON COLUMN "GOODCHOICE"."ACCOMMODATION_INFO"."MAIN_CD" IS '대분류';
   COMMENT ON COLUMN "GOODCHOICE"."ACCOMMODATION_INFO"."SUB_CD" IS '중분류';
   COMMENT ON COLUMN "GOODCHOICE"."ACCOMMODATION_INFO"."ACCOM_TITLE" IS '숙소유형';
   COMMENT ON COLUMN "GOODCHOICE"."ACCOMMODATION_INFO"."DETAIL_TITLE" IS '숙소세부유형';
   COMMENT ON TABLE "GOODCHOICE"."ACCOMMODATION_INFO"  IS '숙소정보';
--------------------------------------------------------
--  DDL for Table BED_TYPE
--------------------------------------------------------

  CREATE TABLE "GOODCHOICE"."BED_TYPE" 
   (	"SEQ" NUMBER, 
	"ACCOM_ID" VARCHAR2(10 BYTE), 
	"SINGLE" NUMBER, 
	"DOUBLE" NUMBER, 
	"TWIN" NUMBER, 
	"ONDOL" NUMBER
   ) SEGMENT CREATION IMMEDIATE 
  PCTFREE 10 PCTUSED 40 INITRANS 1 MAXTRANS 255 NOCOMPRESS LOGGING
  STORAGE(INITIAL 65536 NEXT 1048576 MINEXTENTS 1 MAXEXTENTS 2147483645
  PCTINCREASE 0 FREELISTS 1 FREELIST GROUPS 1 BUFFER_POOL DEFAULT FLASH_CACHE DEFAULT CELL_FLASH_CACHE DEFAULT)
  TABLESPACE "SYSTEM" ;

   COMMENT ON COLUMN "GOODCHOICE"."BED_TYPE"."SEQ" IS '구분ID';
   COMMENT ON COLUMN "GOODCHOICE"."BED_TYPE"."ACCOM_ID" IS '숙소 ID';
   COMMENT ON COLUMN "GOODCHOICE"."BED_TYPE"."SINGLE" IS '싱글';
   COMMENT ON COLUMN "GOODCHOICE"."BED_TYPE"."DOUBLE" IS '더블';
   COMMENT ON COLUMN "GOODCHOICE"."BED_TYPE"."TWIN" IS '트윈';
   COMMENT ON COLUMN "GOODCHOICE"."BED_TYPE"."ONDOL" IS '온돌';
   COMMENT ON TABLE "GOODCHOICE"."BED_TYPE"  IS '베드 타입';
--------------------------------------------------------
--  DDL for Table CANCELLATION_REASON
--------------------------------------------------------

  CREATE TABLE "GOODCHOICE"."CANCELLATION_REASON" 
   (	"SEQ" NUMBER, 
	"CANCEL_REASON" VARCHAR2(100 BYTE)
   ) SEGMENT CREATION IMMEDIATE 
  PCTFREE 10 PCTUSED 40 INITRANS 1 MAXTRANS 255 NOCOMPRESS LOGGING
  STORAGE(INITIAL 65536 NEXT 1048576 MINEXTENTS 1 MAXEXTENTS 2147483645
  PCTINCREASE 0 FREELISTS 1 FREELIST GROUPS 1 BUFFER_POOL DEFAULT FLASH_CACHE DEFAULT CELL_FLASH_CACHE DEFAULT)
  TABLESPACE "SYSTEM" ;
--------------------------------------------------------
--  DDL for Table COUPON
--------------------------------------------------------

  CREATE TABLE "GOODCHOICE"."COUPON" 
   (	"COUPON_TYPE_ID" NUMBER, 
	"COUPON_NAME" NVARCHAR2(40), 
	"AVAILABLE_ACCOM" NVARCHAR2(40), 
	"AVAILABLE_DAYS" NUMBER, 
	"AVAILABLE_TYPE" NVARCHAR2(40), 
	"AVAILABLE_PAY_TYPE" NVARCHAR2(40), 
	"DISCOUNT_AMOUNT" NUMBER, 
	"MIN_PAY_AMOUNT" NUMBER, 
	"MAX_DISCOUNT_AMOUNT" NUMBER, 
	"START_DATE" DATE, 
	"END_DATE" DATE
   ) SEGMENT CREATION IMMEDIATE 
  PCTFREE 10 PCTUSED 40 INITRANS 1 MAXTRANS 255 NOCOMPRESS LOGGING
  STORAGE(INITIAL 65536 NEXT 1048576 MINEXTENTS 1 MAXEXTENTS 2147483645
  PCTINCREASE 0 FREELISTS 1 FREELIST GROUPS 1 BUFFER_POOL DEFAULT FLASH_CACHE DEFAULT CELL_FLASH_CACHE DEFAULT)
  TABLESPACE "SYSTEM" ;

   COMMENT ON COLUMN "GOODCHOICE"."COUPON"."COUPON_TYPE_ID" IS '쿠폰타입';
   COMMENT ON COLUMN "GOODCHOICE"."COUPON"."COUPON_NAME" IS '쿠폰명';
   COMMENT ON COLUMN "GOODCHOICE"."COUPON"."AVAILABLE_ACCOM" IS '사용가능숙소';
   COMMENT ON COLUMN "GOODCHOICE"."COUPON"."AVAILABLE_DAYS" IS '사용가능요일';
   COMMENT ON COLUMN "GOODCHOICE"."COUPON"."AVAILABLE_TYPE" IS '사용가능대여방식';
   COMMENT ON COLUMN "GOODCHOICE"."COUPON"."AVAILABLE_PAY_TYPE" IS '사용가능결재수단';
   COMMENT ON COLUMN "GOODCHOICE"."COUPON"."DISCOUNT_AMOUNT" IS '할인금액/율';
   COMMENT ON COLUMN "GOODCHOICE"."COUPON"."MIN_PAY_AMOUNT" IS '최소결재금액';
   COMMENT ON COLUMN "GOODCHOICE"."COUPON"."MAX_DISCOUNT_AMOUNT" IS '최대할인가능금액';
   COMMENT ON COLUMN "GOODCHOICE"."COUPON"."START_DATE" IS '유효기간시작일';
   COMMENT ON COLUMN "GOODCHOICE"."COUPON"."END_DATE" IS '유효기간종료일';
   COMMENT ON TABLE "GOODCHOICE"."COUPON"  IS '쿠폰';
--------------------------------------------------------
--  DDL for Table COUPON_STATUS
--------------------------------------------------------

  CREATE TABLE "GOODCHOICE"."COUPON_STATUS" 
   (	"COUPON_ID" NUMBER, 
	"COUPON_TYPE_ID" NUMBER, 
	"USER_ID" VARCHAR2(320 BYTE), 
	"STATUS" NUMBER
   ) SEGMENT CREATION IMMEDIATE 
  PCTFREE 10 PCTUSED 40 INITRANS 1 MAXTRANS 255 NOCOMPRESS LOGGING
  STORAGE(INITIAL 65536 NEXT 1048576 MINEXTENTS 1 MAXEXTENTS 2147483645
  PCTINCREASE 0 FREELISTS 1 FREELIST GROUPS 1 BUFFER_POOL DEFAULT FLASH_CACHE DEFAULT CELL_FLASH_CACHE DEFAULT)
  TABLESPACE "SYSTEM" ;

   COMMENT ON COLUMN "GOODCHOICE"."COUPON_STATUS"."COUPON_ID" IS '쿠폰ID';
   COMMENT ON COLUMN "GOODCHOICE"."COUPON_STATUS"."COUPON_TYPE_ID" IS '쿠폰타입';
   COMMENT ON COLUMN "GOODCHOICE"."COUPON_STATUS"."USER_ID" IS '회원 ID';
   COMMENT ON COLUMN "GOODCHOICE"."COUPON_STATUS"."STATUS" IS '사용여부';
   COMMENT ON TABLE "GOODCHOICE"."COUPON_STATUS"  IS '쿠폰 현황';
--------------------------------------------------------
--  DDL for Table ETC
--------------------------------------------------------

  CREATE TABLE "GOODCHOICE"."ETC" 
   (	"SEQ" NUMBER, 
	"ACCOM_ID" VARCHAR2(10 BYTE), 
	"WITH_PET" NUMBER, 
	"BREAKFAST" NUMBER, 
	"SMOKING" NUMBER, 
	"VALET_PARKING" NUMBER, 
	"NON_SMOKING" NUMBER, 
	"IN_ROOM_COOKING" NUMBER, 
	"PRINTER" NUMBER, 
	"STORAGE" NUMBER, 
	"PERSONAL_LOCKER" NUMBER, 
	"FREE_PARKING" NUMBER, 
	"PICK_UP_AVAILABLE" NUMBER, 
	"CAMPFIRE" NUMBER, 
	"CREDIT_CARD" NUMBER, 
	"PWD" NUMBER, 
	"EQ_RENTAL" NUMBER, 
	"SITE_PARK" NUMBER
   ) SEGMENT CREATION IMMEDIATE 
  PCTFREE 10 PCTUSED 40 INITRANS 1 MAXTRANS 255 NOCOMPRESS LOGGING
  STORAGE(INITIAL 65536 NEXT 1048576 MINEXTENTS 1 MAXEXTENTS 2147483645
  PCTINCREASE 0 FREELISTS 1 FREELIST GROUPS 1 BUFFER_POOL DEFAULT FLASH_CACHE DEFAULT CELL_FLASH_CACHE DEFAULT)
  TABLESPACE "SYSTEM" ;

   COMMENT ON COLUMN "GOODCHOICE"."ETC"."SEQ" IS '구분ID';
   COMMENT ON COLUMN "GOODCHOICE"."ETC"."ACCOM_ID" IS '숙소 ID';
   COMMENT ON COLUMN "GOODCHOICE"."ETC"."WITH_PET" IS '반려견 동반';
   COMMENT ON COLUMN "GOODCHOICE"."ETC"."BREAKFAST" IS '조식 포함';
   COMMENT ON COLUMN "GOODCHOICE"."ETC"."SMOKING" IS '객실 내 흡연';
   COMMENT ON COLUMN "GOODCHOICE"."ETC"."VALET_PARKING" IS '발렛파킹';
   COMMENT ON COLUMN "GOODCHOICE"."ETC"."NON_SMOKING" IS '금연';
   COMMENT ON COLUMN "GOODCHOICE"."ETC"."IN_ROOM_COOKING" IS '객실 내 취사';
   COMMENT ON COLUMN "GOODCHOICE"."ETC"."PRINTER" IS '프린터 사용';
   COMMENT ON COLUMN "GOODCHOICE"."ETC"."STORAGE" IS '짐보관 가능';
   COMMENT ON COLUMN "GOODCHOICE"."ETC"."PERSONAL_LOCKER" IS '개인 사물함';
   COMMENT ON COLUMN "GOODCHOICE"."ETC"."FREE_PARKING" IS '무료 주차';
   COMMENT ON COLUMN "GOODCHOICE"."ETC"."PICK_UP_AVAILABLE" IS '픽업 가능';
   COMMENT ON COLUMN "GOODCHOICE"."ETC"."CAMPFIRE" IS '캠프파이어';
   COMMENT ON COLUMN "GOODCHOICE"."ETC"."CREDIT_CARD" IS '카드결제';
   COMMENT ON COLUMN "GOODCHOICE"."ETC"."PWD" IS '장애인 편의시설';
   COMMENT ON COLUMN "GOODCHOICE"."ETC"."EQ_RENTAL" IS '장비대여';
   COMMENT ON COLUMN "GOODCHOICE"."ETC"."SITE_PARK" IS '사이트 주차';
   COMMENT ON TABLE "GOODCHOICE"."ETC"  IS '기타';
--------------------------------------------------------
--  DDL for Table EVENT
--------------------------------------------------------

  CREATE TABLE "GOODCHOICE"."EVENT" 
   (	"EVENT_ID" NUMBER, 
	"COUPON_TYPE_ID" NUMBER, 
	"EVENT_NAME" VARCHAR2(50 BYTE), 
	"EVENT_POINT" NUMBER, 
	"WINNER_LIMIT" NUMBER, 
	"START_DATE" DATE, 
	"END_DATE" DATE
   ) SEGMENT CREATION IMMEDIATE 
  PCTFREE 10 PCTUSED 40 INITRANS 1 MAXTRANS 255 NOCOMPRESS LOGGING
  STORAGE(INITIAL 65536 NEXT 1048576 MINEXTENTS 1 MAXEXTENTS 2147483645
  PCTINCREASE 0 FREELISTS 1 FREELIST GROUPS 1 BUFFER_POOL DEFAULT FLASH_CACHE DEFAULT CELL_FLASH_CACHE DEFAULT)
  TABLESPACE "SYSTEM" ;

   COMMENT ON COLUMN "GOODCHOICE"."EVENT"."EVENT_ID" IS '이벤트ID';
   COMMENT ON COLUMN "GOODCHOICE"."EVENT"."COUPON_TYPE_ID" IS '쿠폰타입';
   COMMENT ON COLUMN "GOODCHOICE"."EVENT"."EVENT_NAME" IS '이벤트명';
   COMMENT ON COLUMN "GOODCHOICE"."EVENT"."EVENT_POINT" IS '포인트값';
   COMMENT ON COLUMN "GOODCHOICE"."EVENT"."WINNER_LIMIT" IS '당첨자수';
   COMMENT ON COLUMN "GOODCHOICE"."EVENT"."START_DATE" IS '시작일';
   COMMENT ON COLUMN "GOODCHOICE"."EVENT"."END_DATE" IS '종료일';
   COMMENT ON TABLE "GOODCHOICE"."EVENT"  IS '이벤트';
--------------------------------------------------------
--  DDL for Table EVENT_HISTORY
--------------------------------------------------------

  CREATE TABLE "GOODCHOICE"."EVENT_HISTORY" 
   (	"EVENT_ID" NUMBER, 
	"USER_ID" VARCHAR2(320 BYTE), 
	"WINNER_STATUS" VARCHAR2(1 BYTE), 
	"PARTICIPATION_DATE" DATE
   ) SEGMENT CREATION IMMEDIATE 
  PCTFREE 10 PCTUSED 40 INITRANS 1 MAXTRANS 255 NOCOMPRESS LOGGING
  STORAGE(INITIAL 65536 NEXT 1048576 MINEXTENTS 1 MAXEXTENTS 2147483645
  PCTINCREASE 0 FREELISTS 1 FREELIST GROUPS 1 BUFFER_POOL DEFAULT FLASH_CACHE DEFAULT CELL_FLASH_CACHE DEFAULT)
  TABLESPACE "SYSTEM" ;

   COMMENT ON COLUMN "GOODCHOICE"."EVENT_HISTORY"."EVENT_ID" IS '이벤트ID';
   COMMENT ON COLUMN "GOODCHOICE"."EVENT_HISTORY"."USER_ID" IS '회원 ID';
   COMMENT ON COLUMN "GOODCHOICE"."EVENT_HISTORY"."WINNER_STATUS" IS '당첨여부';
   COMMENT ON COLUMN "GOODCHOICE"."EVENT_HISTORY"."PARTICIPATION_DATE" IS '참여일시';
   COMMENT ON TABLE "GOODCHOICE"."EVENT_HISTORY"  IS '이벤트 참여기록';
--------------------------------------------------------
--  DDL for Table GUBUN
--------------------------------------------------------

  CREATE TABLE "GOODCHOICE"."GUBUN" 
   (	"SEQ" NUMBER, 
	"CODE" VARCHAR2(10 BYTE), 
	"TITLE" VARCHAR2(30 BYTE)
   ) SEGMENT CREATION IMMEDIATE 
  PCTFREE 10 PCTUSED 40 INITRANS 1 MAXTRANS 255 NOCOMPRESS LOGGING
  STORAGE(INITIAL 65536 NEXT 1048576 MINEXTENTS 1 MAXEXTENTS 2147483645
  PCTINCREASE 0 FREELISTS 1 FREELIST GROUPS 1 BUFFER_POOL DEFAULT FLASH_CACHE DEFAULT CELL_FLASH_CACHE DEFAULT)
  TABLESPACE "SYSTEM" ;

   COMMENT ON COLUMN "GOODCHOICE"."GUBUN"."SEQ" IS '구분ID';
   COMMENT ON COLUMN "GOODCHOICE"."GUBUN"."CODE" IS '구분코드';
   COMMENT ON COLUMN "GOODCHOICE"."GUBUN"."TITLE" IS '구분타이틀';
   COMMENT ON TABLE "GOODCHOICE"."GUBUN"  IS '구분';
--------------------------------------------------------
--  DDL for Table INQUIRY
--------------------------------------------------------

  CREATE TABLE "GOODCHOICE"."INQUIRY" 
   (	"INQUIRY_ID" NUMBER, 
	"USER_ID" VARCHAR2(320 BYTE), 
	"INQUIRY_DATE" DATE, 
	"CATEGORY_TYPE" NVARCHAR2(40), 
	"INQUIRY_TYPE" NVARCHAR2(40), 
	"PHONE_NUMBER" VARCHAR2(14 BYTE), 
	"EMAIL" VARCHAR2(320 BYTE), 
	"INQUIRY_CONTENT" NVARCHAR2(500), 
	"ANSWER_CONTENT" NVARCHAR2(500), 
	"ANSWER_DATE" DATE, 
	"STATUS" NVARCHAR2(20)
   ) SEGMENT CREATION IMMEDIATE 
  PCTFREE 10 PCTUSED 40 INITRANS 1 MAXTRANS 255 NOCOMPRESS LOGGING
  STORAGE(INITIAL 65536 NEXT 1048576 MINEXTENTS 1 MAXEXTENTS 2147483645
  PCTINCREASE 0 FREELISTS 1 FREELIST GROUPS 1 BUFFER_POOL DEFAULT FLASH_CACHE DEFAULT CELL_FLASH_CACHE DEFAULT)
  TABLESPACE "SYSTEM" ;

   COMMENT ON COLUMN "GOODCHOICE"."INQUIRY"."INQUIRY_ID" IS '문의ID';
   COMMENT ON COLUMN "GOODCHOICE"."INQUIRY"."USER_ID" IS '회원 ID';
   COMMENT ON COLUMN "GOODCHOICE"."INQUIRY"."INQUIRY_DATE" IS '문의 일시';
   COMMENT ON COLUMN "GOODCHOICE"."INQUIRY"."CATEGORY_TYPE" IS '카테고리 유형';
   COMMENT ON COLUMN "GOODCHOICE"."INQUIRY"."INQUIRY_TYPE" IS '문의 유형';
   COMMENT ON COLUMN "GOODCHOICE"."INQUIRY"."PHONE_NUMBER" IS '휴대폰 번호';
   COMMENT ON COLUMN "GOODCHOICE"."INQUIRY"."EMAIL" IS '이메일';
   COMMENT ON COLUMN "GOODCHOICE"."INQUIRY"."INQUIRY_CONTENT" IS '문의 내용';
   COMMENT ON COLUMN "GOODCHOICE"."INQUIRY"."ANSWER_CONTENT" IS '답변내용';
   COMMENT ON COLUMN "GOODCHOICE"."INQUIRY"."ANSWER_DATE" IS '답변작성일';
   COMMENT ON COLUMN "GOODCHOICE"."INQUIRY"."STATUS" IS '상태';
   COMMENT ON TABLE "GOODCHOICE"."INQUIRY"  IS '문의';
--------------------------------------------------------
--  DDL for Table MEMBER
--------------------------------------------------------

  CREATE TABLE "GOODCHOICE"."MEMBER" 
   (	"USER_ID" VARCHAR2(320 BYTE), 
	"USER_PW" VARCHAR2(20 BYTE), 
	"USER_NICKNAME" VARCHAR2(50 BYTE), 
	"USER_NAME" VARCHAR2(50 BYTE), 
	"PHONE_NUMBER" VARCHAR2(14 BYTE), 
	"USER_GRADE" NUMBER, 
	"USER_POINTS" NUMBER, 
	"USER_COUPONS" NUMBER
   ) SEGMENT CREATION IMMEDIATE 
  PCTFREE 10 PCTUSED 40 INITRANS 1 MAXTRANS 255 NOCOMPRESS LOGGING
  STORAGE(INITIAL 65536 NEXT 1048576 MINEXTENTS 1 MAXEXTENTS 2147483645
  PCTINCREASE 0 FREELISTS 1 FREELIST GROUPS 1 BUFFER_POOL DEFAULT FLASH_CACHE DEFAULT CELL_FLASH_CACHE DEFAULT)
  TABLESPACE "SYSTEM" ;

   COMMENT ON COLUMN "GOODCHOICE"."MEMBER"."USER_ID" IS '회원 ID';
   COMMENT ON COLUMN "GOODCHOICE"."MEMBER"."USER_PW" IS '최소 8자리	 영문,숫자,특수문자 중 2가지 이상을 조합해주세요.';
   COMMENT ON COLUMN "GOODCHOICE"."MEMBER"."USER_NICKNAME" IS '닉네임';
   COMMENT ON COLUMN "GOODCHOICE"."MEMBER"."USER_NAME" IS '예약자이름';
   COMMENT ON COLUMN "GOODCHOICE"."MEMBER"."PHONE_NUMBER" IS '휴대폰 번호';
   COMMENT ON COLUMN "GOODCHOICE"."MEMBER"."USER_GRADE" IS '등급';
   COMMENT ON COLUMN "GOODCHOICE"."MEMBER"."USER_POINTS" IS '보유포인트';
   COMMENT ON COLUMN "GOODCHOICE"."MEMBER"."USER_COUPONS" IS '보유쿠폰';
   COMMENT ON TABLE "GOODCHOICE"."MEMBER"  IS '회원';
--------------------------------------------------------
--  DDL for Table MOTEL_BENEFIT
--------------------------------------------------------

  CREATE TABLE "GOODCHOICE"."MOTEL_BENEFIT" 
   (	"SEQ" NUMBER, 
	"ACCOM_ID" VARCHAR2(10 BYTE), 
	"CANCEL_THE_RESERVATION" NUMBER, 
	"SPECIAL_PRICE" NUMBER, 
	"ACCOM_TOP1000" NUMBER
   ) SEGMENT CREATION IMMEDIATE 
  PCTFREE 10 PCTUSED 40 INITRANS 1 MAXTRANS 255 NOCOMPRESS LOGGING
  STORAGE(INITIAL 65536 NEXT 1048576 MINEXTENTS 1 MAXEXTENTS 2147483645
  PCTINCREASE 0 FREELISTS 1 FREELIST GROUPS 1 BUFFER_POOL DEFAULT FLASH_CACHE DEFAULT CELL_FLASH_CACHE DEFAULT)
  TABLESPACE "SYSTEM" ;

   COMMENT ON COLUMN "GOODCHOICE"."MOTEL_BENEFIT"."SEQ" IS '구분ID';
   COMMENT ON COLUMN "GOODCHOICE"."MOTEL_BENEFIT"."ACCOM_ID" IS '숙소 ID';
   COMMENT ON COLUMN "GOODCHOICE"."MOTEL_BENEFIT"."CANCEL_THE_RESERVATION" IS '예약 취소 가능';
   COMMENT ON COLUMN "GOODCHOICE"."MOTEL_BENEFIT"."SPECIAL_PRICE" IS '예약 특가';
   COMMENT ON COLUMN "GOODCHOICE"."MOTEL_BENEFIT"."ACCOM_TOP1000" IS '좋은 숙박 TOP1000';
   COMMENT ON TABLE "GOODCHOICE"."MOTEL_BENEFIT"  IS '모텔_혜택';
--------------------------------------------------------
--  DDL for Table MOTEL_PLAY_FACILITY
--------------------------------------------------------

  CREATE TABLE "GOODCHOICE"."MOTEL_PLAY_FACILITY" 
   (	"SEQ" NUMBER, 
	"ACCOM_ID" VARCHAR2(10 BYTE), 
	"M_SWIMMING_POOL" NUMBER, 
	"M_KARAOKE" NUMBER, 
	"BILLIARD_TABLE" NUMBER, 
	"GAME_CONSOLE" NUMBER, 
	"MASSAGE_CHAIR" NUMBER, 
	"COUPLE_PC" NUMBER, 
	"M_MINI_BAR" NUMBER, 
	"TV_3D" NUMBER, 
	"BEAM_PROJECTOR" NUMBER
   ) SEGMENT CREATION IMMEDIATE 
  PCTFREE 10 PCTUSED 40 INITRANS 1 MAXTRANS 255 NOCOMPRESS LOGGING
  STORAGE(INITIAL 65536 NEXT 1048576 MINEXTENTS 1 MAXEXTENTS 2147483645
  PCTINCREASE 0 FREELISTS 1 FREELIST GROUPS 1 BUFFER_POOL DEFAULT FLASH_CACHE DEFAULT CELL_FLASH_CACHE DEFAULT)
  TABLESPACE "SYSTEM" ;

   COMMENT ON COLUMN "GOODCHOICE"."MOTEL_PLAY_FACILITY"."SEQ" IS '구분ID';
   COMMENT ON COLUMN "GOODCHOICE"."MOTEL_PLAY_FACILITY"."ACCOM_ID" IS '숙소 ID';
   COMMENT ON COLUMN "GOODCHOICE"."MOTEL_PLAY_FACILITY"."M_SWIMMING_POOL" IS '모텔 수영장';
   COMMENT ON COLUMN "GOODCHOICE"."MOTEL_PLAY_FACILITY"."M_KARAOKE" IS '모텔 노래방';
   COMMENT ON COLUMN "GOODCHOICE"."MOTEL_PLAY_FACILITY"."BILLIARD_TABLE" IS '당구대';
   COMMENT ON COLUMN "GOODCHOICE"."MOTEL_PLAY_FACILITY"."GAME_CONSOLE" IS '게임기';
   COMMENT ON COLUMN "GOODCHOICE"."MOTEL_PLAY_FACILITY"."MASSAGE_CHAIR" IS '안마의자';
   COMMENT ON COLUMN "GOODCHOICE"."MOTEL_PLAY_FACILITY"."COUPLE_PC" IS '커플  PC';
   COMMENT ON COLUMN "GOODCHOICE"."MOTEL_PLAY_FACILITY"."M_MINI_BAR" IS '모텔 미니바';
   COMMENT ON COLUMN "GOODCHOICE"."MOTEL_PLAY_FACILITY"."TV_3D" IS '3D TV';
   COMMENT ON COLUMN "GOODCHOICE"."MOTEL_PLAY_FACILITY"."BEAM_PROJECTOR" IS '빔프로젝터';
   COMMENT ON TABLE "GOODCHOICE"."MOTEL_PLAY_FACILITY"  IS '모텔_놀이시설';
--------------------------------------------------------
--  DDL for Table MOTEL_RESERVATION_OPTIONS
--------------------------------------------------------

  CREATE TABLE "GOODCHOICE"."MOTEL_RESERVATION_OPTIONS" 
   (	"SEQ" NUMBER, 
	"ACCOM_ID" VARCHAR2(10 BYTE), 
	"ACCOM_RESERVATION" NUMBER, 
	"RENTAL_ROOM" NUMBER, 
	"OFF50" NUMBER
   ) SEGMENT CREATION IMMEDIATE 
  PCTFREE 10 PCTUSED 40 INITRANS 1 MAXTRANS 255 NOCOMPRESS LOGGING
  STORAGE(INITIAL 65536 NEXT 1048576 MINEXTENTS 1 MAXEXTENTS 2147483645
  PCTINCREASE 0 FREELISTS 1 FREELIST GROUPS 1 BUFFER_POOL DEFAULT FLASH_CACHE DEFAULT CELL_FLASH_CACHE DEFAULT)
  TABLESPACE "SYSTEM" ;

   COMMENT ON COLUMN "GOODCHOICE"."MOTEL_RESERVATION_OPTIONS"."SEQ" IS '구분ID';
   COMMENT ON COLUMN "GOODCHOICE"."MOTEL_RESERVATION_OPTIONS"."ACCOM_ID" IS '숙소 ID';
   COMMENT ON COLUMN "GOODCHOICE"."MOTEL_RESERVATION_OPTIONS"."ACCOM_RESERVATION" IS '대실 예약';
   COMMENT ON COLUMN "GOODCHOICE"."MOTEL_RESERVATION_OPTIONS"."RENTAL_ROOM" IS '숙박 예약';
   COMMENT ON COLUMN "GOODCHOICE"."MOTEL_RESERVATION_OPTIONS"."OFF50" IS '50% 할인';
   COMMENT ON TABLE "GOODCHOICE"."MOTEL_RESERVATION_OPTIONS"  IS '모텔_예약옵션';
--------------------------------------------------------
--  DDL for Table MOTEL_SPAFACILITIES
--------------------------------------------------------

  CREATE TABLE "GOODCHOICE"."MOTEL_SPAFACILITIES" 
   (	"SEQ" NUMBER, 
	"ACCOM_ID" VARCHAR2(10 BYTE), 
	"SPA_WHIRLPOOL_BATHTUB" NUMBER, 
	"SAUNA_JJIMJILBANG" NUMBER, 
	"MASSAGE_BED" NUMBER, 
	"HINOKI_BATH" NUMBER, 
	"OPEN_AIR_BATH" NUMBER, 
	"HALF_BATH" NUMBER, 
	"BATHROOM_TV" NUMBER
   ) SEGMENT CREATION IMMEDIATE 
  PCTFREE 10 PCTUSED 40 INITRANS 1 MAXTRANS 255 NOCOMPRESS LOGGING
  STORAGE(INITIAL 65536 NEXT 1048576 MINEXTENTS 1 MAXEXTENTS 2147483645
  PCTINCREASE 0 FREELISTS 1 FREELIST GROUPS 1 BUFFER_POOL DEFAULT FLASH_CACHE DEFAULT CELL_FLASH_CACHE DEFAULT)
  TABLESPACE "SYSTEM" ;

   COMMENT ON COLUMN "GOODCHOICE"."MOTEL_SPAFACILITIES"."SEQ" IS '구분ID';
   COMMENT ON COLUMN "GOODCHOICE"."MOTEL_SPAFACILITIES"."ACCOM_ID" IS '숙소 ID';
   COMMENT ON COLUMN "GOODCHOICE"."MOTEL_SPAFACILITIES"."SPA_WHIRLPOOL_BATHTUB" IS '스파/월풀';
   COMMENT ON COLUMN "GOODCHOICE"."MOTEL_SPAFACILITIES"."SAUNA_JJIMJILBANG" IS '사우나/찜질방';
   COMMENT ON COLUMN "GOODCHOICE"."MOTEL_SPAFACILITIES"."MASSAGE_BED" IS '맛사지 베드';
   COMMENT ON COLUMN "GOODCHOICE"."MOTEL_SPAFACILITIES"."HINOKI_BATH" IS '히노끼탕';
   COMMENT ON COLUMN "GOODCHOICE"."MOTEL_SPAFACILITIES"."OPEN_AIR_BATH" IS '노천탕';
   COMMENT ON COLUMN "GOODCHOICE"."MOTEL_SPAFACILITIES"."HALF_BATH" IS '반신욕';
   COMMENT ON COLUMN "GOODCHOICE"."MOTEL_SPAFACILITIES"."BATHROOM_TV" IS '욕실 TV';
   COMMENT ON TABLE "GOODCHOICE"."MOTEL_SPAFACILITIES"  IS '모텔_스파시설';
--------------------------------------------------------
--  DDL for Table MOTEL_UNIQUETHEME
--------------------------------------------------------

  CREATE TABLE "GOODCHOICE"."MOTEL_UNIQUETHEME" 
   (	"SEQ" NUMBER, 
	"ACCOM_ID" VARCHAR2(10 BYTE), 
	"UNMANNED" NUMBER, 
	"PARTY_ROOM" NUMBER, 
	"MIRROR_ROOM" NUMBER, 
	"DUPLEX_ROOM" NUMBER, 
	"PRINCESS_ROOM" NUMBER, 
	"TWIN_BED" NUMBER, 
	"OUTDOOR_TERRACE" NUMBER, 
	"OCEAN_VIEW" NUMBER, 
	"LAKE_VIEW" NUMBER, 
	"SKY_VIEW" NUMBER
   ) SEGMENT CREATION IMMEDIATE 
  PCTFREE 10 PCTUSED 40 INITRANS 1 MAXTRANS 255 NOCOMPRESS LOGGING
  STORAGE(INITIAL 65536 NEXT 1048576 MINEXTENTS 1 MAXEXTENTS 2147483645
  PCTINCREASE 0 FREELISTS 1 FREELIST GROUPS 1 BUFFER_POOL DEFAULT FLASH_CACHE DEFAULT CELL_FLASH_CACHE DEFAULT)
  TABLESPACE "SYSTEM" ;

   COMMENT ON COLUMN "GOODCHOICE"."MOTEL_UNIQUETHEME"."SEQ" IS '구분ID';
   COMMENT ON COLUMN "GOODCHOICE"."MOTEL_UNIQUETHEME"."ACCOM_ID" IS '숙소 ID';
   COMMENT ON COLUMN "GOODCHOICE"."MOTEL_UNIQUETHEME"."UNMANNED" IS '무인텔';
   COMMENT ON COLUMN "GOODCHOICE"."MOTEL_UNIQUETHEME"."PARTY_ROOM" IS '파티룸';
   COMMENT ON COLUMN "GOODCHOICE"."MOTEL_UNIQUETHEME"."MIRROR_ROOM" IS '거울룸';
   COMMENT ON COLUMN "GOODCHOICE"."MOTEL_UNIQUETHEME"."DUPLEX_ROOM" IS '복층룸';
   COMMENT ON COLUMN "GOODCHOICE"."MOTEL_UNIQUETHEME"."PRINCESS_ROOM" IS '공주룸';
   COMMENT ON COLUMN "GOODCHOICE"."MOTEL_UNIQUETHEME"."TWIN_BED" IS '트윈베드';
   COMMENT ON COLUMN "GOODCHOICE"."MOTEL_UNIQUETHEME"."OUTDOOR_TERRACE" IS '야외테라스';
   COMMENT ON COLUMN "GOODCHOICE"."MOTEL_UNIQUETHEME"."OCEAN_VIEW" IS '바다뷰';
   COMMENT ON COLUMN "GOODCHOICE"."MOTEL_UNIQUETHEME"."LAKE_VIEW" IS '호수뷰';
   COMMENT ON COLUMN "GOODCHOICE"."MOTEL_UNIQUETHEME"."SKY_VIEW" IS '하늘뷰';
   COMMENT ON TABLE "GOODCHOICE"."MOTEL_UNIQUETHEME"  IS '모텔_이색테마';
--------------------------------------------------------
--  DDL for Table PAYMENT
--------------------------------------------------------

  CREATE TABLE "GOODCHOICE"."PAYMENT" 
   (	"PAY_ID" NUMBER, 
	"RESERVATION_ID" VARCHAR2(18 BYTE), 
	"STATUS" NVARCHAR2(20), 
	"PAY_DATE" DATE, 
	"PAY_AMOUNT" NUMBER, 
	"PAY_METHOD" NVARCHAR2(20)
   ) SEGMENT CREATION IMMEDIATE 
  PCTFREE 10 PCTUSED 40 INITRANS 1 MAXTRANS 255 NOCOMPRESS LOGGING
  STORAGE(INITIAL 65536 NEXT 1048576 MINEXTENTS 1 MAXEXTENTS 2147483645
  PCTINCREASE 0 FREELISTS 1 FREELIST GROUPS 1 BUFFER_POOL DEFAULT FLASH_CACHE DEFAULT CELL_FLASH_CACHE DEFAULT)
  TABLESPACE "SYSTEM" ;

   COMMENT ON COLUMN "GOODCHOICE"."PAYMENT"."PAY_ID" IS '결제 ID';
   COMMENT ON COLUMN "GOODCHOICE"."PAYMENT"."RESERVATION_ID" IS '예약 ID';
   COMMENT ON COLUMN "GOODCHOICE"."PAYMENT"."STATUS" IS '상태';
   COMMENT ON COLUMN "GOODCHOICE"."PAYMENT"."PAY_DATE" IS '결제일시';
   COMMENT ON COLUMN "GOODCHOICE"."PAYMENT"."PAY_AMOUNT" IS '결제 금액';
   COMMENT ON COLUMN "GOODCHOICE"."PAYMENT"."PAY_METHOD" IS '결제 방식';
   COMMENT ON TABLE "GOODCHOICE"."PAYMENT"  IS '결제';
--------------------------------------------------------
--  DDL for Table POINT_DETAIL
--------------------------------------------------------

  CREATE TABLE "GOODCHOICE"."POINT_DETAIL" 
   (	"POINT_LOG_NO" NUMBER, 
	"POINT_ID" NUMBER, 
	"USEPOINT" NUMBER
   ) SEGMENT CREATION IMMEDIATE 
  PCTFREE 10 PCTUSED 40 INITRANS 1 MAXTRANS 255 NOCOMPRESS LOGGING
  STORAGE(INITIAL 65536 NEXT 1048576 MINEXTENTS 1 MAXEXTENTS 2147483645
  PCTINCREASE 0 FREELISTS 1 FREELIST GROUPS 1 BUFFER_POOL DEFAULT FLASH_CACHE DEFAULT CELL_FLASH_CACHE DEFAULT)
  TABLESPACE "SYSTEM" ;

   COMMENT ON COLUMN "GOODCHOICE"."POINT_DETAIL"."POINT_LOG_NO" IS '사용ID';
   COMMENT ON COLUMN "GOODCHOICE"."POINT_DETAIL"."POINT_ID" IS '포인트ID';
   COMMENT ON COLUMN "GOODCHOICE"."POINT_DETAIL"."USEPOINT" IS '포인트';
   COMMENT ON TABLE "GOODCHOICE"."POINT_DETAIL"  IS '포인트사용상세';
--------------------------------------------------------
--  DDL for Table POINT_HISTORY
--------------------------------------------------------

  CREATE TABLE "GOODCHOICE"."POINT_HISTORY" 
   (	"POINT_ID" NUMBER, 
	"USER_ID" VARCHAR2(320 BYTE), 
	"ADDPOINT" NUMBER, 
	"GUBUN" VARCHAR2(1 BYTE), 
	"BALANCE" NUMBER, 
	"START_DATE" DATE, 
	"END_DATE" DATE, 
	"STATUS" NUMBER
   ) SEGMENT CREATION IMMEDIATE 
  PCTFREE 10 PCTUSED 40 INITRANS 1 MAXTRANS 255 NOCOMPRESS LOGGING
  STORAGE(INITIAL 65536 NEXT 1048576 MINEXTENTS 1 MAXEXTENTS 2147483645
  PCTINCREASE 0 FREELISTS 1 FREELIST GROUPS 1 BUFFER_POOL DEFAULT FLASH_CACHE DEFAULT CELL_FLASH_CACHE DEFAULT)
  TABLESPACE "SYSTEM" ;

   COMMENT ON COLUMN "GOODCHOICE"."POINT_HISTORY"."POINT_ID" IS '포인트ID';
   COMMENT ON COLUMN "GOODCHOICE"."POINT_HISTORY"."USER_ID" IS '회원 ID';
   COMMENT ON COLUMN "GOODCHOICE"."POINT_HISTORY"."ADDPOINT" IS '적립포인트';
   COMMENT ON COLUMN "GOODCHOICE"."POINT_HISTORY"."GUBUN" IS '구분';
   COMMENT ON COLUMN "GOODCHOICE"."POINT_HISTORY"."BALANCE" IS '잔액';
   COMMENT ON COLUMN "GOODCHOICE"."POINT_HISTORY"."START_DATE" IS '발생일자';
   COMMENT ON COLUMN "GOODCHOICE"."POINT_HISTORY"."END_DATE" IS '만료일자';
   COMMENT ON COLUMN "GOODCHOICE"."POINT_HISTORY"."STATUS" IS '포인트 사용여부';
   COMMENT ON TABLE "GOODCHOICE"."POINT_HISTORY"  IS '포인트발생';
--------------------------------------------------------
--  DDL for Table PUBLIC_FACILITIES
--------------------------------------------------------

  CREATE TABLE "GOODCHOICE"."PUBLIC_FACILITIES" 
   (	"SEQ" NUMBER, 
	"ACCOM_ID" VARCHAR2(10 BYTE), 
	"FITNESS" NUMBER, 
	"SWIMMING_POOL" NUMBER, 
	"SAUNA" NUMBER, 
	"GOLF_COURSE" NUMBER, 
	"RESTAURANT" NUMBER, 
	"ELEVATOR" NUMBER, 
	"LOUNGE" NUMBER, 
	"PUBLIC_PC" NUMBER, 
	"BBQ" NUMBER, 
	"CAFE" NUMBER, 
	"PUBLIC_SPA" NUMBER, 
	"FOOT_VOLLEYBALL" NUMBER, 
	"SEMINAR_ROOM" NUMBER, 
	"CONVENIENCE" NUMBER, 
	"KARAOKE" NUMBER, 
	"KITCHEN" NUMBER, 
	"LAUNDRY" NUMBER, 
	"DRYER" NUMBER, 
	"DEHYDRATOR" NUMBER, 
	"PARKING" NUMBER, 
	"COOKING" NUMBER, 
	"PUBLIC_SHOWER" NUMBER, 
	"HOT_SPRING" NUMBER, 
	"SKI_RESORT" NUMBER, 
	"MICROWAVE" NUMBER, 
	"ELECTRICAL" NUMBER, 
	"SINK" NUMBER, 
	"STORE" NUMBER
   ) SEGMENT CREATION IMMEDIATE 
  PCTFREE 10 PCTUSED 40 INITRANS 1 MAXTRANS 255 NOCOMPRESS LOGGING
  STORAGE(INITIAL 65536 NEXT 1048576 MINEXTENTS 1 MAXEXTENTS 2147483645
  PCTINCREASE 0 FREELISTS 1 FREELIST GROUPS 1 BUFFER_POOL DEFAULT FLASH_CACHE DEFAULT CELL_FLASH_CACHE DEFAULT)
  TABLESPACE "SYSTEM" ;

   COMMENT ON COLUMN "GOODCHOICE"."PUBLIC_FACILITIES"."SEQ" IS '구분ID';
   COMMENT ON COLUMN "GOODCHOICE"."PUBLIC_FACILITIES"."ACCOM_ID" IS '숙소 ID';
   COMMENT ON COLUMN "GOODCHOICE"."PUBLIC_FACILITIES"."FITNESS" IS '피트니스';
   COMMENT ON COLUMN "GOODCHOICE"."PUBLIC_FACILITIES"."SWIMMING_POOL" IS '수영장';
   COMMENT ON COLUMN "GOODCHOICE"."PUBLIC_FACILITIES"."SAUNA" IS '사우나';
   COMMENT ON COLUMN "GOODCHOICE"."PUBLIC_FACILITIES"."GOLF_COURSE" IS '골프장';
   COMMENT ON COLUMN "GOODCHOICE"."PUBLIC_FACILITIES"."RESTAURANT" IS '레스토랑';
   COMMENT ON COLUMN "GOODCHOICE"."PUBLIC_FACILITIES"."ELEVATOR" IS '엘레베이터';
   COMMENT ON COLUMN "GOODCHOICE"."PUBLIC_FACILITIES"."LOUNGE" IS '라운지';
   COMMENT ON COLUMN "GOODCHOICE"."PUBLIC_FACILITIES"."PUBLIC_PC" IS '공용PC';
   COMMENT ON COLUMN "GOODCHOICE"."PUBLIC_FACILITIES"."BBQ" IS 'BBQ';
   COMMENT ON COLUMN "GOODCHOICE"."PUBLIC_FACILITIES"."CAFE" IS '카페';
   COMMENT ON COLUMN "GOODCHOICE"."PUBLIC_FACILITIES"."PUBLIC_SPA" IS '공용스파';
   COMMENT ON COLUMN "GOODCHOICE"."PUBLIC_FACILITIES"."FOOT_VOLLEYBALL" IS '족구장';
   COMMENT ON COLUMN "GOODCHOICE"."PUBLIC_FACILITIES"."SEMINAR_ROOM" IS '세미나실';
   COMMENT ON COLUMN "GOODCHOICE"."PUBLIC_FACILITIES"."CONVENIENCE" IS '편의점';
   COMMENT ON COLUMN "GOODCHOICE"."PUBLIC_FACILITIES"."KARAOKE" IS '노래방';
   COMMENT ON COLUMN "GOODCHOICE"."PUBLIC_FACILITIES"."KITCHEN" IS '주방/식당';
   COMMENT ON COLUMN "GOODCHOICE"."PUBLIC_FACILITIES"."LAUNDRY" IS '세탁기';
   COMMENT ON COLUMN "GOODCHOICE"."PUBLIC_FACILITIES"."DRYER" IS '건조기';
   COMMENT ON COLUMN "GOODCHOICE"."PUBLIC_FACILITIES"."DEHYDRATOR" IS '탈수기';
   COMMENT ON COLUMN "GOODCHOICE"."PUBLIC_FACILITIES"."PARKING" IS '주차장';
   COMMENT ON COLUMN "GOODCHOICE"."PUBLIC_FACILITIES"."COOKING" IS '취사가능';
   COMMENT ON COLUMN "GOODCHOICE"."PUBLIC_FACILITIES"."PUBLIC_SHOWER" IS '공용샤워실';
   COMMENT ON COLUMN "GOODCHOICE"."PUBLIC_FACILITIES"."HOT_SPRING" IS '온천';
   COMMENT ON COLUMN "GOODCHOICE"."PUBLIC_FACILITIES"."SKI_RESORT" IS '스키장';
   COMMENT ON COLUMN "GOODCHOICE"."PUBLIC_FACILITIES"."MICROWAVE" IS '전자레인지';
   COMMENT ON COLUMN "GOODCHOICE"."PUBLIC_FACILITIES"."ELECTRICAL" IS '전기사용가능';
   COMMENT ON COLUMN "GOODCHOICE"."PUBLIC_FACILITIES"."SINK" IS '개수대';
   COMMENT ON COLUMN "GOODCHOICE"."PUBLIC_FACILITIES"."STORE" IS '매점';
   COMMENT ON TABLE "GOODCHOICE"."PUBLIC_FACILITIES"  IS '공용시설';
--------------------------------------------------------
--  DDL for Table RESERVATION
--------------------------------------------------------

  CREATE TABLE "GOODCHOICE"."RESERVATION" 
   (	"RESERVATION_ID" VARCHAR2(18 BYTE), 
	"USER_ID" VARCHAR2(320 BYTE), 
	"ROOM_ID" NUMBER, 
	"RESERVATION_DATE" DATE, 
	"STATUS" NVARCHAR2(20), 
	"START_DATE" DATE, 
	"END_DATE" DATE
   ) SEGMENT CREATION IMMEDIATE 
  PCTFREE 10 PCTUSED 40 INITRANS 1 MAXTRANS 255 NOCOMPRESS LOGGING
  STORAGE(INITIAL 65536 NEXT 1048576 MINEXTENTS 1 MAXEXTENTS 2147483645
  PCTINCREASE 0 FREELISTS 1 FREELIST GROUPS 1 BUFFER_POOL DEFAULT FLASH_CACHE DEFAULT CELL_FLASH_CACHE DEFAULT)
  TABLESPACE "SYSTEM" ;

   COMMENT ON COLUMN "GOODCHOICE"."RESERVATION"."RESERVATION_ID" IS '예약일시 + 난수 6자리(알파벳 + 정수)	 YYMMDD';
   COMMENT ON COLUMN "GOODCHOICE"."RESERVATION"."USER_ID" IS '회원 ID';
   COMMENT ON COLUMN "GOODCHOICE"."RESERVATION"."ROOM_ID" IS '객실 ID';
   COMMENT ON COLUMN "GOODCHOICE"."RESERVATION"."RESERVATION_DATE" IS '예약 일시';
   COMMENT ON COLUMN "GOODCHOICE"."RESERVATION"."STATUS" IS '상태';
   COMMENT ON COLUMN "GOODCHOICE"."RESERVATION"."START_DATE" IS '이용시작일';
   COMMENT ON COLUMN "GOODCHOICE"."RESERVATION"."END_DATE" IS '이용종료일';
   COMMENT ON TABLE "GOODCHOICE"."RESERVATION"  IS '예약';
--------------------------------------------------------
--  DDL for Table RESERVATION_OPTION
--------------------------------------------------------

  CREATE TABLE "GOODCHOICE"."RESERVATION_OPTION" 
   (	"SEQ" NUMBER, 
	"ACCOM_ID" VARCHAR2(10 BYTE), 
	"RESERVATION" NUMBER, 
	"PROMOTION" NUMBER
   ) SEGMENT CREATION IMMEDIATE 
  PCTFREE 10 PCTUSED 40 INITRANS 1 MAXTRANS 255 NOCOMPRESS LOGGING
  STORAGE(INITIAL 65536 NEXT 1048576 MINEXTENTS 1 MAXEXTENTS 2147483645
  PCTINCREASE 0 FREELISTS 1 FREELIST GROUPS 1 BUFFER_POOL DEFAULT FLASH_CACHE DEFAULT CELL_FLASH_CACHE DEFAULT)
  TABLESPACE "SYSTEM" ;

   COMMENT ON COLUMN "GOODCHOICE"."RESERVATION_OPTION"."SEQ" IS '구분ID';
   COMMENT ON COLUMN "GOODCHOICE"."RESERVATION_OPTION"."ACCOM_ID" IS '숙소 ID';
   COMMENT ON COLUMN "GOODCHOICE"."RESERVATION_OPTION"."RESERVATION" IS '예약_가능';
   COMMENT ON COLUMN "GOODCHOICE"."RESERVATION_OPTION"."PROMOTION" IS '프로모션';
   COMMENT ON TABLE "GOODCHOICE"."RESERVATION_OPTION"  IS '예약 옵션';
--------------------------------------------------------
--  DDL for Table REVIEW
--------------------------------------------------------

  CREATE TABLE "GOODCHOICE"."REVIEW" 
   (	"REVIEW_ID" NUMBER, 
	"USER_ID" VARCHAR2(320 BYTE), 
	"ROOM_ID" NUMBER, 
	"CREATED_AT" DATE, 
	"RATING" NUMBER(3,1), 
	"CONTENT" NVARCHAR2(800), 
	"FILE_URL" VARCHAR2(255 BYTE)
   ) SEGMENT CREATION IMMEDIATE 
  PCTFREE 10 PCTUSED 40 INITRANS 1 MAXTRANS 255 NOCOMPRESS LOGGING
  STORAGE(INITIAL 65536 NEXT 1048576 MINEXTENTS 1 MAXEXTENTS 2147483645
  PCTINCREASE 0 FREELISTS 1 FREELIST GROUPS 1 BUFFER_POOL DEFAULT FLASH_CACHE DEFAULT CELL_FLASH_CACHE DEFAULT)
  TABLESPACE "SYSTEM" ;

   COMMENT ON COLUMN "GOODCHOICE"."REVIEW"."REVIEW_ID" IS '리뷰 ID';
   COMMENT ON COLUMN "GOODCHOICE"."REVIEW"."USER_ID" IS '회원 ID';
   COMMENT ON COLUMN "GOODCHOICE"."REVIEW"."ROOM_ID" IS '객실 ID';
   COMMENT ON COLUMN "GOODCHOICE"."REVIEW"."CREATED_AT" IS '작성일시';
   COMMENT ON COLUMN "GOODCHOICE"."REVIEW"."RATING" IS '평점';
   COMMENT ON COLUMN "GOODCHOICE"."REVIEW"."CONTENT" IS '리뷰 내용';
   COMMENT ON COLUMN "GOODCHOICE"."REVIEW"."FILE_URL" IS '첨부이미지';
   COMMENT ON TABLE "GOODCHOICE"."REVIEW"  IS '리뷰';
--------------------------------------------------------
--  DDL for Table ROOM
--------------------------------------------------------

  CREATE TABLE "GOODCHOICE"."ROOM" 
   (	"ROOM_ID" NUMBER, 
	"SEQ" NUMBER, 
	"ACCOM_ID" VARCHAR2(10 BYTE), 
	"ROOM_NAME" VARCHAR2(50 BYTE), 
	"PRICE" NUMBER, 
	"CAPACITY" NUMBER, 
	"TYPE" NVARCHAR2(40)
   ) SEGMENT CREATION IMMEDIATE 
  PCTFREE 10 PCTUSED 40 INITRANS 1 MAXTRANS 255 NOCOMPRESS LOGGING
  STORAGE(INITIAL 65536 NEXT 1048576 MINEXTENTS 1 MAXEXTENTS 2147483645
  PCTINCREASE 0 FREELISTS 1 FREELIST GROUPS 1 BUFFER_POOL DEFAULT FLASH_CACHE DEFAULT CELL_FLASH_CACHE DEFAULT)
  TABLESPACE "SYSTEM" ;

   COMMENT ON COLUMN "GOODCHOICE"."ROOM"."ROOM_ID" IS '객실 ID';
   COMMENT ON COLUMN "GOODCHOICE"."ROOM"."SEQ" IS '시퀀스';
   COMMENT ON COLUMN "GOODCHOICE"."ROOM"."ACCOM_ID" IS '숙소 ID';
   COMMENT ON COLUMN "GOODCHOICE"."ROOM"."ROOM_NAME" IS '객실명';
   COMMENT ON COLUMN "GOODCHOICE"."ROOM"."PRICE" IS '비용';
   COMMENT ON COLUMN "GOODCHOICE"."ROOM"."CAPACITY" IS '인원';
   COMMENT ON COLUMN "GOODCHOICE"."ROOM"."TYPE" IS '유형';
   COMMENT ON TABLE "GOODCHOICE"."ROOM"  IS '객실';
--------------------------------------------------------
--  DDL for Table ROOM_FACILITIES
--------------------------------------------------------

  CREATE TABLE "GOODCHOICE"."ROOM_FACILITIES" 
   (	"SEQ" NUMBER, 
	"ACCOM_ID" VARCHAR2(10 BYTE), 
	"ROOM_SPA" NUMBER, 
	"MINI_BAR" NUMBER, 
	"WI_FI" NUMBER, 
	"TOILETRIES" NUMBER, 
	"TV" NUMBER, 
	"AC" NUMBER, 
	"REFRIGERATER" NUMBER, 
	"SHOWER_ROOM" NUMBER, 
	"BATHTUB" NUMBER, 
	"HAIR_DRYER" NUMBER, 
	"IRON" NUMBER, 
	"RICE_COOKER" NUMBER, 
	"POWER_SOCKET" NUMBER
   ) SEGMENT CREATION IMMEDIATE 
  PCTFREE 10 PCTUSED 40 INITRANS 1 MAXTRANS 255 NOCOMPRESS LOGGING
  STORAGE(INITIAL 65536 NEXT 1048576 MINEXTENTS 1 MAXEXTENTS 2147483645
  PCTINCREASE 0 FREELISTS 1 FREELIST GROUPS 1 BUFFER_POOL DEFAULT FLASH_CACHE DEFAULT CELL_FLASH_CACHE DEFAULT)
  TABLESPACE "SYSTEM" ;

   COMMENT ON COLUMN "GOODCHOICE"."ROOM_FACILITIES"."SEQ" IS '구분ID';
   COMMENT ON COLUMN "GOODCHOICE"."ROOM_FACILITIES"."ACCOM_ID" IS '숙소 ID';
   COMMENT ON COLUMN "GOODCHOICE"."ROOM_FACILITIES"."ROOM_SPA" IS '객실 스파';
   COMMENT ON COLUMN "GOODCHOICE"."ROOM_FACILITIES"."MINI_BAR" IS '미니바';
   COMMENT ON COLUMN "GOODCHOICE"."ROOM_FACILITIES"."WI_FI" IS '와이파이';
   COMMENT ON COLUMN "GOODCHOICE"."ROOM_FACILITIES"."TOILETRIES" IS '욕실용품';
   COMMENT ON COLUMN "GOODCHOICE"."ROOM_FACILITIES"."TV" IS 'TV';
   COMMENT ON COLUMN "GOODCHOICE"."ROOM_FACILITIES"."AC" IS '에어컨';
   COMMENT ON COLUMN "GOODCHOICE"."ROOM_FACILITIES"."REFRIGERATER" IS '냉장고';
   COMMENT ON COLUMN "GOODCHOICE"."ROOM_FACILITIES"."SHOWER_ROOM" IS '객실샤워실';
   COMMENT ON COLUMN "GOODCHOICE"."ROOM_FACILITIES"."BATHTUB" IS '욕조';
   COMMENT ON COLUMN "GOODCHOICE"."ROOM_FACILITIES"."HAIR_DRYER" IS '드라이기';
   COMMENT ON COLUMN "GOODCHOICE"."ROOM_FACILITIES"."IRON" IS '다리미';
   COMMENT ON COLUMN "GOODCHOICE"."ROOM_FACILITIES"."RICE_COOKER" IS '전기밥솥';
   COMMENT ON COLUMN "GOODCHOICE"."ROOM_FACILITIES"."POWER_SOCKET" IS '개인콘센트';
   COMMENT ON TABLE "GOODCHOICE"."ROOM_FACILITIES"  IS '객실 내 시설';
--------------------------------------------------------
--  DDL for Table SAFETY_NUMBER
--------------------------------------------------------

  CREATE TABLE "GOODCHOICE"."SAFETY_NUMBER" 
   (	"USER_ID" VARCHAR2(320 BYTE), 
	"SAFETY_NUMBER" VARCHAR2(20 BYTE), 
	"CREATE_AT" DATE
   ) SEGMENT CREATION IMMEDIATE 
  PCTFREE 10 PCTUSED 40 INITRANS 1 MAXTRANS 255 NOCOMPRESS LOGGING
  STORAGE(INITIAL 65536 NEXT 1048576 MINEXTENTS 1 MAXEXTENTS 2147483645
  PCTINCREASE 0 FREELISTS 1 FREELIST GROUPS 1 BUFFER_POOL DEFAULT FLASH_CACHE DEFAULT CELL_FLASH_CACHE DEFAULT)
  TABLESPACE "SYSTEM" ;

   COMMENT ON COLUMN "GOODCHOICE"."SAFETY_NUMBER"."USER_ID" IS '회원 ID';
   COMMENT ON COLUMN "GOODCHOICE"."SAFETY_NUMBER"."SAFETY_NUMBER" IS '안심번호';
   COMMENT ON COLUMN "GOODCHOICE"."SAFETY_NUMBER"."CREATE_AT" IS '생성일자';
   COMMENT ON TABLE "GOODCHOICE"."SAFETY_NUMBER"  IS '안심번호';
--------------------------------------------------------
--  DDL for Table USED_POINT
--------------------------------------------------------

  CREATE TABLE "GOODCHOICE"."USED_POINT" 
   (	"POINT_LOG_NO" NUMBER, 
	"USER_ID" VARCHAR2(320 BYTE), 
	"USEPOINT" NUMBER, 
	"GUBUN" VARCHAR2(10 BYTE), 
	"USE_DATE" DATE
   ) SEGMENT CREATION IMMEDIATE 
  PCTFREE 10 PCTUSED 40 INITRANS 1 MAXTRANS 255 NOCOMPRESS LOGGING
  STORAGE(INITIAL 65536 NEXT 1048576 MINEXTENTS 1 MAXEXTENTS 2147483645
  PCTINCREASE 0 FREELISTS 1 FREELIST GROUPS 1 BUFFER_POOL DEFAULT FLASH_CACHE DEFAULT CELL_FLASH_CACHE DEFAULT)
  TABLESPACE "SYSTEM" ;

   COMMENT ON COLUMN "GOODCHOICE"."USED_POINT"."POINT_LOG_NO" IS '사용ID';
   COMMENT ON COLUMN "GOODCHOICE"."USED_POINT"."USER_ID" IS '회원 ID';
   COMMENT ON COLUMN "GOODCHOICE"."USED_POINT"."USEPOINT" IS '포인트';
   COMMENT ON COLUMN "GOODCHOICE"."USED_POINT"."GUBUN" IS '구분';
   COMMENT ON COLUMN "GOODCHOICE"."USED_POINT"."USE_DATE" IS '사용일자';
   COMMENT ON TABLE "GOODCHOICE"."USED_POINT"  IS '포인트사용';
REM INSERTING into GOODCHOICE.ACCOMMODATION
SET DEFINE OFF;
Insert into GOODCHOICE.ACCOMMODATION (SEQ,ACCOM_ID,ACCOM_DETAIL_ID,ACCOM_NAME,ADDRESS,ACCOM_RATING,ACCOM_REVIEW_COUNT,CHECK_IN_TIME,CHECK_OUT_TIME,AD_GRADE) values (1,'G',null,'홍대 롬바드 게스트하우스','서울특별시 마포구 서교동 466-6 4F',9,262,'16:00','12:00',null);
Insert into GOODCHOICE.ACCOMMODATION (SEQ,ACCOM_ID,ACCOM_DETAIL_ID,ACCOM_NAME,ADDRESS,ACCOM_RATING,ACCOM_REVIEW_COUNT,CHECK_IN_TIME,CHECK_OUT_TIME,AD_GRADE) values (2,'G',null,'홍대 딸기핑크 게스트하우스','서울특별시 마포구 동교동 150-10 201호',9.4,44,'16:00','12:00',null);
Insert into GOODCHOICE.ACCOMMODATION (SEQ,ACCOM_ID,ACCOM_DETAIL_ID,ACCOM_NAME,ADDRESS,ACCOM_RATING,ACCOM_REVIEW_COUNT,CHECK_IN_TIME,CHECK_OUT_TIME,AD_GRADE) values (3,'G',null,'속초 하루 게스트하우스','강원특별자치도 속초시 동명동 261-6',9.4,160,'16:00','12:00',null);
Insert into GOODCHOICE.ACCOMMODATION (SEQ,ACCOM_ID,ACCOM_DETAIL_ID,ACCOM_NAME,ADDRESS,ACCOM_RATING,ACCOM_REVIEW_COUNT,CHECK_IN_TIME,CHECK_OUT_TIME,AD_GRADE) values (4,'G',null,'제주 쉬멍놀멍 게스트하우스','제주특별자치도 제주시 한림읍 협재리 2557-1',9.9,224,'16:00','12:00',null);
Insert into GOODCHOICE.ACCOMMODATION (SEQ,ACCOM_ID,ACCOM_DETAIL_ID,ACCOM_NAME,ADDRESS,ACCOM_RATING,ACCOM_REVIEW_COUNT,CHECK_IN_TIME,CHECK_OUT_TIME,AD_GRADE) values (5,'G',null,'김치 해운대 게스트하우스','부산광역시 해운대구 우동 648-11',9.2,304,'16:00','12:00',null);
Insert into GOODCHOICE.ACCOMMODATION (SEQ,ACCOM_ID,ACCOM_DETAIL_ID,ACCOM_NAME,ADDRESS,ACCOM_RATING,ACCOM_REVIEW_COUNT,CHECK_IN_TIME,CHECK_OUT_TIME,AD_GRADE) values (6,'H','3','에이든 바이베스트웨스턴 청담','경기 포천시 내촌면 신팔리 388-2',8.7,74,'16:00','12:00',null);
Insert into GOODCHOICE.ACCOMMODATION (SEQ,ACCOM_ID,ACCOM_DETAIL_ID,ACCOM_NAME,ADDRESS,ACCOM_RATING,ACCOM_REVIEW_COUNT,CHECK_IN_TIME,CHECK_OUT_TIME,AD_GRADE) values (7,'H','3','신라스테이 삼성','경기 가평군 설악면 창의리 411-7',9,144,'16:00','12:00',null);
Insert into GOODCHOICE.ACCOMMODATION (SEQ,ACCOM_ID,ACCOM_DETAIL_ID,ACCOM_NAME,ADDRESS,ACCOM_RATING,ACCOM_REVIEW_COUNT,CHECK_IN_TIME,CHECK_OUT_TIME,AD_GRADE) values (8,'H','5','노보텔 앰배서더 서울 강남','경기 가평군 가평읍 두밀리 215-15',8.1,75,'16:00','12:00',null);
Insert into GOODCHOICE.ACCOMMODATION (SEQ,ACCOM_ID,ACCOM_DETAIL_ID,ACCOM_NAME,ADDRESS,ACCOM_RATING,ACCOM_REVIEW_COUNT,CHECK_IN_TIME,CHECK_OUT_TIME,AD_GRADE) values (9,'H','5','조선 팰리스 서울 강남 럭셔리 컬렉션','경기 연천군 연천읍 고문리 420-1',7.1,71,'16:00','12:00',null);
Insert into GOODCHOICE.ACCOMMODATION (SEQ,ACCOM_ID,ACCOM_DETAIL_ID,ACCOM_NAME,ADDRESS,ACCOM_RATING,ACCOM_REVIEW_COUNT,CHECK_IN_TIME,CHECK_OUT_TIME,AD_GRADE) values (10,'H','5','오크우드 프리미어 코엑스센터','인천 강화군 화도면 장화리 511-1',2.8,83,'16:00','12:00',null);
Insert into GOODCHOICE.ACCOMMODATION (SEQ,ACCOM_ID,ACCOM_DETAIL_ID,ACCOM_NAME,ADDRESS,ACCOM_RATING,ACCOM_REVIEW_COUNT,CHECK_IN_TIME,CHECK_OUT_TIME,AD_GRADE) values (11,'H','6','더 그랜드 섬오름','인천 중구 을왕동 810-308',0.9,101,'16:00','12:00',null);
Insert into GOODCHOICE.ACCOMMODATION (SEQ,ACCOM_ID,ACCOM_DETAIL_ID,ACCOM_NAME,ADDRESS,ACCOM_RATING,ACCOM_REVIEW_COUNT,CHECK_IN_TIME,CHECK_OUT_TIME,AD_GRADE) values (12,'P','2','양평 엘모로 풀빌라','경기 양평군 양동면 쌍학리 461-6',9.7,278,'16:00','12:00',null);
Insert into GOODCHOICE.ACCOMMODATION (SEQ,ACCOM_ID,ACCOM_DETAIL_ID,ACCOM_NAME,ADDRESS,ACCOM_RATING,ACCOM_REVIEW_COUNT,CHECK_IN_TIME,CHECK_OUT_TIME,AD_GRADE) values (13,'P','2','양평 다가섬 풀빌라&펜션','경기 양평군 단월면 명성리 601',9.8,142,'16:00','12:00',null);
Insert into GOODCHOICE.ACCOMMODATION (SEQ,ACCOM_ID,ACCOM_DETAIL_ID,ACCOM_NAME,ADDRESS,ACCOM_RATING,ACCOM_REVIEW_COUNT,CHECK_IN_TIME,CHECK_OUT_TIME,AD_GRADE) values (14,'P','1','양평 우리펜션','경기 양평군 단월면 명성리 601',10,16,'16:00','12:00',null);
Insert into GOODCHOICE.ACCOMMODATION (SEQ,ACCOM_ID,ACCOM_DETAIL_ID,ACCOM_NAME,ADDRESS,ACCOM_RATING,ACCOM_REVIEW_COUNT,CHECK_IN_TIME,CHECK_OUT_TIME,AD_GRADE) values (15,'P','2','디토키즈풀빌라','경기 양평군 용문면 연수리 5',0,0,'16:00','12:00',null);
Insert into GOODCHOICE.ACCOMMODATION (SEQ,ACCOM_ID,ACCOM_DETAIL_ID,ACCOM_NAME,ADDRESS,ACCOM_RATING,ACCOM_REVIEW_COUNT,CHECK_IN_TIME,CHECK_OUT_TIME,AD_GRADE) values (16,'P','1','양평 햇살가득펜션','경기 양평군 서종면 서후리 553-4',8,134,'16:00','12:00',null);
Insert into GOODCHOICE.ACCOMMODATION (SEQ,ACCOM_ID,ACCOM_DETAIL_ID,ACCOM_NAME,ADDRESS,ACCOM_RATING,ACCOM_REVIEW_COUNT,CHECK_IN_TIME,CHECK_OUT_TIME,AD_GRADE) values (17,'C','1','포천 베어스 글램핑','경기 포천시 내촌면 신팔리 388-2',4.9,75,'16:00','12:00',null);
Insert into GOODCHOICE.ACCOMMODATION (SEQ,ACCOM_ID,ACCOM_DETAIL_ID,ACCOM_NAME,ADDRESS,ACCOM_RATING,ACCOM_REVIEW_COUNT,CHECK_IN_TIME,CHECK_OUT_TIME,AD_GRADE) values (18,'C','1','가평 더캠프카라반글램핑','경기 가평군 설악면 창의리 411-7',8.2,137,'16:00','12:00',null);
Insert into GOODCHOICE.ACCOMMODATION (SEQ,ACCOM_ID,ACCOM_DETAIL_ID,ACCOM_NAME,ADDRESS,ACCOM_RATING,ACCOM_REVIEW_COUNT,CHECK_IN_TIME,CHECK_OUT_TIME,AD_GRADE) values (19,'C','1','가평 두밀노천스파글램핑','경기 가평군 가평읍 두밀리 215-15',10,126,'16:00','12:00',null);
Insert into GOODCHOICE.ACCOMMODATION (SEQ,ACCOM_ID,ACCOM_DETAIL_ID,ACCOM_NAME,ADDRESS,ACCOM_RATING,ACCOM_REVIEW_COUNT,CHECK_IN_TIME,CHECK_OUT_TIME,AD_GRADE) values (20,'C','1','연천 로열카바나글램핑','경기 연천군 연천읍 고문리 420-1',9.2,118,'16:00','12:00',null);
Insert into GOODCHOICE.ACCOMMODATION (SEQ,ACCOM_ID,ACCOM_DETAIL_ID,ACCOM_NAME,ADDRESS,ACCOM_RATING,ACCOM_REVIEW_COUNT,CHECK_IN_TIME,CHECK_OUT_TIME,AD_GRADE) values (21,'C','2','강화 낙조힐링 카라반 캠핑장','인천 강화군 화도면 장화리 511-1',3.9,100,'16:00','12:00',null);
Insert into GOODCHOICE.ACCOMMODATION (SEQ,ACCOM_ID,ACCOM_DETAIL_ID,ACCOM_NAME,ADDRESS,ACCOM_RATING,ACCOM_REVIEW_COUNT,CHECK_IN_TIME,CHECK_OUT_TIME,AD_GRADE) values (22,'C',null,'용유도 서해 캠핑장','인천 중구 을왕동 810-308',0,149,'16:00','12:00',null);
Insert into GOODCHOICE.ACCOMMODATION (SEQ,ACCOM_ID,ACCOM_DETAIL_ID,ACCOM_NAME,ADDRESS,ACCOM_RATING,ACCOM_REVIEW_COUNT,CHECK_IN_TIME,CHECK_OUT_TIME,AD_GRADE) values (23,'M',null,'강남 캠퍼스','서울 강남구 역삼동 825-30',6.5,51,'16:00','12:00',null);
Insert into GOODCHOICE.ACCOMMODATION (SEQ,ACCOM_ID,ACCOM_DETAIL_ID,ACCOM_NAME,ADDRESS,ACCOM_RATING,ACCOM_REVIEW_COUNT,CHECK_IN_TIME,CHECK_OUT_TIME,AD_GRADE) values (24,'M',null,'역삼 리치웰','서울 강남구 역삼동 677-9',0.6,147,'16:00','12:00',null);
Insert into GOODCHOICE.ACCOMMODATION (SEQ,ACCOM_ID,ACCOM_DETAIL_ID,ACCOM_NAME,ADDRESS,ACCOM_RATING,ACCOM_REVIEW_COUNT,CHECK_IN_TIME,CHECK_OUT_TIME,AD_GRADE) values (25,'M',null,'역삼 인트로 호텔','서울 강남구 역삼동 677-14',0.6,68,'16:00','12:00',null);
Insert into GOODCHOICE.ACCOMMODATION (SEQ,ACCOM_ID,ACCOM_DETAIL_ID,ACCOM_NAME,ADDRESS,ACCOM_RATING,ACCOM_REVIEW_COUNT,CHECK_IN_TIME,CHECK_OUT_TIME,AD_GRADE) values (26,'M',null,'강남 봄','서울 서초구 반포동 748',4.2,75,'16:00','12:00',null);
Insert into GOODCHOICE.ACCOMMODATION (SEQ,ACCOM_ID,ACCOM_DETAIL_ID,ACCOM_NAME,ADDRESS,ACCOM_RATING,ACCOM_REVIEW_COUNT,CHECK_IN_TIME,CHECK_OUT_TIME,AD_GRADE) values (27,'M',null,'역삼 린','서울 강남구 역삼동 718-12',7.6,77,'16:00','12:00',null);
REM INSERTING into GOODCHOICE.ACCOMMODATION_INFO
SET DEFINE OFF;
Insert into GOODCHOICE.ACCOMMODATION_INFO (SEQ,MAIN_CD,SUB_CD,ACCOM_TITLE,DETAIL_TITLE) values (1,'G','1','게스트 하우스',null);
Insert into GOODCHOICE.ACCOMMODATION_INFO (SEQ,MAIN_CD,SUB_CD,ACCOM_TITLE,DETAIL_TITLE) values (2,'H','1','호텔/리조트','1성급');
Insert into GOODCHOICE.ACCOMMODATION_INFO (SEQ,MAIN_CD,SUB_CD,ACCOM_TITLE,DETAIL_TITLE) values (3,'H','2','호텔/리조트','2성급');
Insert into GOODCHOICE.ACCOMMODATION_INFO (SEQ,MAIN_CD,SUB_CD,ACCOM_TITLE,DETAIL_TITLE) values (4,'H','3','호텔/리조트','3성급');
Insert into GOODCHOICE.ACCOMMODATION_INFO (SEQ,MAIN_CD,SUB_CD,ACCOM_TITLE,DETAIL_TITLE) values (5,'H','4','호텔/리조트','4성급');
Insert into GOODCHOICE.ACCOMMODATION_INFO (SEQ,MAIN_CD,SUB_CD,ACCOM_TITLE,DETAIL_TITLE) values (6,'H','5','호텔/리조트','5성급');
Insert into GOODCHOICE.ACCOMMODATION_INFO (SEQ,MAIN_CD,SUB_CD,ACCOM_TITLE,DETAIL_TITLE) values (7,'H','6','호텔/리조트','특급');
Insert into GOODCHOICE.ACCOMMODATION_INFO (SEQ,MAIN_CD,SUB_CD,ACCOM_TITLE,DETAIL_TITLE) values (8,'H','7','호텔/리조트','특1급');
Insert into GOODCHOICE.ACCOMMODATION_INFO (SEQ,MAIN_CD,SUB_CD,ACCOM_TITLE,DETAIL_TITLE) values (9,'H','8','호텔/리조트','비지니스');
Insert into GOODCHOICE.ACCOMMODATION_INFO (SEQ,MAIN_CD,SUB_CD,ACCOM_TITLE,DETAIL_TITLE) values (10,'H','9','호텔/리조트','부티크');
Insert into GOODCHOICE.ACCOMMODATION_INFO (SEQ,MAIN_CD,SUB_CD,ACCOM_TITLE,DETAIL_TITLE) values (11,'H','10','호텔/리조트','레지던스');
Insert into GOODCHOICE.ACCOMMODATION_INFO (SEQ,MAIN_CD,SUB_CD,ACCOM_TITLE,DETAIL_TITLE) values (12,'H','11','호텔/리조트','관광');
Insert into GOODCHOICE.ACCOMMODATION_INFO (SEQ,MAIN_CD,SUB_CD,ACCOM_TITLE,DETAIL_TITLE) values (13,'P','1','펜션','펜션');
Insert into GOODCHOICE.ACCOMMODATION_INFO (SEQ,MAIN_CD,SUB_CD,ACCOM_TITLE,DETAIL_TITLE) values (14,'P','2','펜션','풀빌라');
Insert into GOODCHOICE.ACCOMMODATION_INFO (SEQ,MAIN_CD,SUB_CD,ACCOM_TITLE,DETAIL_TITLE) values (15,'P','3','펜션','럭셔리');
Insert into GOODCHOICE.ACCOMMODATION_INFO (SEQ,MAIN_CD,SUB_CD,ACCOM_TITLE,DETAIL_TITLE) values (16,'C','1','캠핑/글램핑','글램핑');
Insert into GOODCHOICE.ACCOMMODATION_INFO (SEQ,MAIN_CD,SUB_CD,ACCOM_TITLE,DETAIL_TITLE) values (17,'C','2','캠핑/글램핑','카라반');
Insert into GOODCHOICE.ACCOMMODATION_INFO (SEQ,MAIN_CD,SUB_CD,ACCOM_TITLE,DETAIL_TITLE) values (18,'C','3','캠핑/글램핑','오토캠핑');
Insert into GOODCHOICE.ACCOMMODATION_INFO (SEQ,MAIN_CD,SUB_CD,ACCOM_TITLE,DETAIL_TITLE) values (19,'M','1','모텔',null);
REM INSERTING into GOODCHOICE.BED_TYPE
SET DEFINE OFF;
Insert into GOODCHOICE.BED_TYPE (SEQ,ACCOM_ID,SINGLE,DOUBLE,TWIN,ONDOL) values (1,'G',1,1,0,0);
Insert into GOODCHOICE.BED_TYPE (SEQ,ACCOM_ID,SINGLE,DOUBLE,TWIN,ONDOL) values (2,'G',1,0,0,0);
Insert into GOODCHOICE.BED_TYPE (SEQ,ACCOM_ID,SINGLE,DOUBLE,TWIN,ONDOL) values (3,'G',1,1,0,0);
Insert into GOODCHOICE.BED_TYPE (SEQ,ACCOM_ID,SINGLE,DOUBLE,TWIN,ONDOL) values (4,'G',1,1,1,0);
Insert into GOODCHOICE.BED_TYPE (SEQ,ACCOM_ID,SINGLE,DOUBLE,TWIN,ONDOL) values (5,'G',1,1,1,0);
Insert into GOODCHOICE.BED_TYPE (SEQ,ACCOM_ID,SINGLE,DOUBLE,TWIN,ONDOL) values (6,'H',0,1,0,1);
Insert into GOODCHOICE.BED_TYPE (SEQ,ACCOM_ID,SINGLE,DOUBLE,TWIN,ONDOL) values (7,'H',0,1,1,0);
Insert into GOODCHOICE.BED_TYPE (SEQ,ACCOM_ID,SINGLE,DOUBLE,TWIN,ONDOL) values (8,'H',0,1,1,0);
Insert into GOODCHOICE.BED_TYPE (SEQ,ACCOM_ID,SINGLE,DOUBLE,TWIN,ONDOL) values (9,'H',0,1,1,0);
Insert into GOODCHOICE.BED_TYPE (SEQ,ACCOM_ID,SINGLE,DOUBLE,TWIN,ONDOL) values (10,'H',0,1,1,0);
Insert into GOODCHOICE.BED_TYPE (SEQ,ACCOM_ID,SINGLE,DOUBLE,TWIN,ONDOL) values (11,'H',0,1,1,0);
Insert into GOODCHOICE.BED_TYPE (SEQ,ACCOM_ID,SINGLE,DOUBLE,TWIN,ONDOL) values (12,'P',0,1,0,0);
Insert into GOODCHOICE.BED_TYPE (SEQ,ACCOM_ID,SINGLE,DOUBLE,TWIN,ONDOL) values (13,'P',0,1,0,0);
Insert into GOODCHOICE.BED_TYPE (SEQ,ACCOM_ID,SINGLE,DOUBLE,TWIN,ONDOL) values (14,'P',0,0,0,1);
Insert into GOODCHOICE.BED_TYPE (SEQ,ACCOM_ID,SINGLE,DOUBLE,TWIN,ONDOL) values (15,'P',0,1,0,0);
Insert into GOODCHOICE.BED_TYPE (SEQ,ACCOM_ID,SINGLE,DOUBLE,TWIN,ONDOL) values (16,'P',0,1,0,1);
Insert into GOODCHOICE.BED_TYPE (SEQ,ACCOM_ID,SINGLE,DOUBLE,TWIN,ONDOL) values (17,'C',0,1,0,1);
Insert into GOODCHOICE.BED_TYPE (SEQ,ACCOM_ID,SINGLE,DOUBLE,TWIN,ONDOL) values (18,'C',1,1,1,0);
Insert into GOODCHOICE.BED_TYPE (SEQ,ACCOM_ID,SINGLE,DOUBLE,TWIN,ONDOL) values (19,'C',0,1,0,0);
Insert into GOODCHOICE.BED_TYPE (SEQ,ACCOM_ID,SINGLE,DOUBLE,TWIN,ONDOL) values (20,'C',0,1,1,0);
Insert into GOODCHOICE.BED_TYPE (SEQ,ACCOM_ID,SINGLE,DOUBLE,TWIN,ONDOL) values (21,'C',0,1,0,1);
Insert into GOODCHOICE.BED_TYPE (SEQ,ACCOM_ID,SINGLE,DOUBLE,TWIN,ONDOL) values (22,'C',0,1,0,1);
Insert into GOODCHOICE.BED_TYPE (SEQ,ACCOM_ID,SINGLE,DOUBLE,TWIN,ONDOL) values (23,'M',0,1,0,0);
Insert into GOODCHOICE.BED_TYPE (SEQ,ACCOM_ID,SINGLE,DOUBLE,TWIN,ONDOL) values (24,'M',0,1,0,0);
Insert into GOODCHOICE.BED_TYPE (SEQ,ACCOM_ID,SINGLE,DOUBLE,TWIN,ONDOL) values (25,'M',0,1,0,0);
Insert into GOODCHOICE.BED_TYPE (SEQ,ACCOM_ID,SINGLE,DOUBLE,TWIN,ONDOL) values (26,'M',0,1,1,0);
Insert into GOODCHOICE.BED_TYPE (SEQ,ACCOM_ID,SINGLE,DOUBLE,TWIN,ONDOL) values (27,'M',0,1,1,0);
REM INSERTING into GOODCHOICE.CANCELLATION_REASON
SET DEFINE OFF;
Insert into GOODCHOICE.CANCELLATION_REASON (SEQ,CANCEL_REASON) values (1,'방문불가/여행취소');
Insert into GOODCHOICE.CANCELLATION_REASON (SEQ,CANCEL_REASON) values (2,'타 서비스에서 더 싼 상품발견');
Insert into GOODCHOICE.CANCELLATION_REASON (SEQ,CANCEL_REASON) values (3,'다시예약_같은숙소 일정/객실변경');
Insert into GOODCHOICE.CANCELLATION_REASON (SEQ,CANCEL_REASON) values (4,'다시예약_다른숙소로 변경');
Insert into GOODCHOICE.CANCELLATION_REASON (SEQ,CANCEL_REASON) values (5,'결제수단변경/쿠폰사용');
Insert into GOODCHOICE.CANCELLATION_REASON (SEQ,CANCEL_REASON) values (6,'업체요청');
Insert into GOODCHOICE.CANCELLATION_REASON (SEQ,CANCEL_REASON) values (7,'단순변심');
REM INSERTING into GOODCHOICE.COUPON
SET DEFINE OFF;
Insert into GOODCHOICE.COUPON (COUPON_TYPE_ID,COUPON_NAME,AVAILABLE_ACCOM,AVAILABLE_DAYS,AVAILABLE_TYPE,AVAILABLE_PAY_TYPE,DISCOUNT_AMOUNT,MIN_PAY_AMOUNT,MAX_DISCOUNT_AMOUNT,START_DATE,END_DATE) values (1,'9월 모텔쿠폰','M',1234567,'대실','모든 결제 수단',3000,0,0,to_date('23/09/01','RR/MM/DD'),to_date('23/09/30','RR/MM/DD'));
Insert into GOODCHOICE.COUPON (COUPON_TYPE_ID,COUPON_NAME,AVAILABLE_ACCOM,AVAILABLE_DAYS,AVAILABLE_TYPE,AVAILABLE_PAY_TYPE,DISCOUNT_AMOUNT,MIN_PAY_AMOUNT,MAX_DISCOUNT_AMOUNT,START_DATE,END_DATE) values (2,'9월 모텔평일쿠폰','M',12345,'대실','모든 결제 수단',5000,0,0,to_date('23/09/02','RR/MM/DD'),to_date('23/10/01','RR/MM/DD'));
Insert into GOODCHOICE.COUPON (COUPON_TYPE_ID,COUPON_NAME,AVAILABLE_ACCOM,AVAILABLE_DAYS,AVAILABLE_TYPE,AVAILABLE_PAY_TYPE,DISCOUNT_AMOUNT,MIN_PAY_AMOUNT,MAX_DISCOUNT_AMOUNT,START_DATE,END_DATE) values (3,'5% 할인쿠폰','CGHMP',1234567,'숙박','모든 결제 수단',0.05,0,200000,to_date('23/09/03','RR/MM/DD'),to_date('23/10/02','RR/MM/DD'));
Insert into GOODCHOICE.COUPON (COUPON_TYPE_ID,COUPON_NAME,AVAILABLE_ACCOM,AVAILABLE_DAYS,AVAILABLE_TYPE,AVAILABLE_PAY_TYPE,DISCOUNT_AMOUNT,MIN_PAY_AMOUNT,MAX_DISCOUNT_AMOUNT,START_DATE,END_DATE) values (4,'전국민 할인 쿠폰','CGHMP',1234567,'모두','모든 결제 수단',10000,150000,0,to_date('23/10/01','RR/MM/DD'),to_date('23/10/30','RR/MM/DD'));
Insert into GOODCHOICE.COUPON (COUPON_TYPE_ID,COUPON_NAME,AVAILABLE_ACCOM,AVAILABLE_DAYS,AVAILABLE_TYPE,AVAILABLE_PAY_TYPE,DISCOUNT_AMOUNT,MIN_PAY_AMOUNT,MAX_DISCOUNT_AMOUNT,START_DATE,END_DATE) values (5,'리뷰 이벤트 쿠폰','CGHMP',1234567,'모두','모든 결제 수단',5000,0,0,to_date('23/10/01','RR/MM/DD'),to_date('23/12/31','RR/MM/DD'));
Insert into GOODCHOICE.COUPON (COUPON_TYPE_ID,COUPON_NAME,AVAILABLE_ACCOM,AVAILABLE_DAYS,AVAILABLE_TYPE,AVAILABLE_PAY_TYPE,DISCOUNT_AMOUNT,MIN_PAY_AMOUNT,MAX_DISCOUNT_AMOUNT,START_DATE,END_DATE) values (6,'페이코 5% 할인 쿠폰','H',1234567,'모두','페이코',0.05,0,80000,to_date('23/10/01','RR/MM/DD'),to_date('23/10/30','RR/MM/DD'));
Insert into GOODCHOICE.COUPON (COUPON_TYPE_ID,COUPON_NAME,AVAILABLE_ACCOM,AVAILABLE_DAYS,AVAILABLE_TYPE,AVAILABLE_PAY_TYPE,DISCOUNT_AMOUNT,MIN_PAY_AMOUNT,MAX_DISCOUNT_AMOUNT,START_DATE,END_DATE) values (7,'호텔/펜션 5만원 할인 쿠폰','HP',1234567,'숙박','모든 결제 수단',50000,200000,0,to_date('23/11/01','RR/MM/DD'),to_date('23/11/30','RR/MM/DD'));
Insert into GOODCHOICE.COUPON (COUPON_TYPE_ID,COUPON_NAME,AVAILABLE_ACCOM,AVAILABLE_DAYS,AVAILABLE_TYPE,AVAILABLE_PAY_TYPE,DISCOUNT_AMOUNT,MIN_PAY_AMOUNT,MAX_DISCOUNT_AMOUNT,START_DATE,END_DATE) values (8,'내일로 10%할인 쿠폰','H',12345,'숙박','모든 결제 수단',0.1,0,1000000,to_date('23/11/01','RR/MM/DD'),to_date('23/11/30','RR/MM/DD'));
Insert into GOODCHOICE.COUPON (COUPON_TYPE_ID,COUPON_NAME,AVAILABLE_ACCOM,AVAILABLE_DAYS,AVAILABLE_TYPE,AVAILABLE_PAY_TYPE,DISCOUNT_AMOUNT,MIN_PAY_AMOUNT,MAX_DISCOUNT_AMOUNT,START_DATE,END_DATE) values (9,'신규 회원 할인 쿠폰','CGHMP',1234567,'모두','모든 결제 수단',5000,50000,0,to_date('23/12/01','RR/MM/DD'),to_date('23/12/30','RR/MM/DD'));
Insert into GOODCHOICE.COUPON (COUPON_TYPE_ID,COUPON_NAME,AVAILABLE_ACCOM,AVAILABLE_DAYS,AVAILABLE_TYPE,AVAILABLE_PAY_TYPE,DISCOUNT_AMOUNT,MIN_PAY_AMOUNT,MAX_DISCOUNT_AMOUNT,START_DATE,END_DATE) values (10,'블랙 숙소 숙박권','H',1234567,'숙박','모든 결제 수단',1,0,0,to_date('23/12/01','RR/MM/DD'),to_date('23/12/30','RR/MM/DD'));
REM INSERTING into GOODCHOICE.COUPON_STATUS
SET DEFINE OFF;
Insert into GOODCHOICE.COUPON_STATUS (COUPON_ID,COUPON_TYPE_ID,USER_ID,STATUS) values (1,1,'jackson47@naver.com',0);
Insert into GOODCHOICE.COUPON_STATUS (COUPON_ID,COUPON_TYPE_ID,USER_ID,STATUS) values (2,2,'jackson47@naver.com',0);
Insert into GOODCHOICE.COUPON_STATUS (COUPON_ID,COUPON_TYPE_ID,USER_ID,STATUS) values (3,4,'jackson47@naver.com',0);
Insert into GOODCHOICE.COUPON_STATUS (COUPON_ID,COUPON_TYPE_ID,USER_ID,STATUS) values (4,1,'brianne.greenwood@naver.com',1);
Insert into GOODCHOICE.COUPON_STATUS (COUPON_ID,COUPON_TYPE_ID,USER_ID,STATUS) values (5,7,'brianne.greenwood@naver.com',0);
Insert into GOODCHOICE.COUPON_STATUS (COUPON_ID,COUPON_TYPE_ID,USER_ID,STATUS) values (6,7,'daniel.martinez91@naver.com',1);
Insert into GOODCHOICE.COUPON_STATUS (COUPON_ID,COUPON_TYPE_ID,USER_ID,STATUS) values (7,3,'kate.harrison@naver.com',1);
Insert into GOODCHOICE.COUPON_STATUS (COUPON_ID,COUPON_TYPE_ID,USER_ID,STATUS) values (8,4,'kate.harrison@naver.com',1);
Insert into GOODCHOICE.COUPON_STATUS (COUPON_ID,COUPON_TYPE_ID,USER_ID,STATUS) values (9,5,'kate.harrison@naver.com',0);
Insert into GOODCHOICE.COUPON_STATUS (COUPON_ID,COUPON_TYPE_ID,USER_ID,STATUS) values (10,6,'kate.harrison@naver.com',0);
Insert into GOODCHOICE.COUPON_STATUS (COUPON_ID,COUPON_TYPE_ID,USER_ID,STATUS) values (11,7,'kate.harrison@naver.com',0);
Insert into GOODCHOICE.COUPON_STATUS (COUPON_ID,COUPON_TYPE_ID,USER_ID,STATUS) values (12,1,'alicia_walker82@naver.com',1);
Insert into GOODCHOICE.COUPON_STATUS (COUPON_ID,COUPON_TYPE_ID,USER_ID,STATUS) values (13,2,'alicia_walker82@naver.com',1);
Insert into GOODCHOICE.COUPON_STATUS (COUPON_ID,COUPON_TYPE_ID,USER_ID,STATUS) values (14,3,'alicia_walker82@naver.com',1);
Insert into GOODCHOICE.COUPON_STATUS (COUPON_ID,COUPON_TYPE_ID,USER_ID,STATUS) values (15,4,'alicia_walker82@naver.com',1);
Insert into GOODCHOICE.COUPON_STATUS (COUPON_ID,COUPON_TYPE_ID,USER_ID,STATUS) values (16,5,'alicia_walker82@naver.com',1);
Insert into GOODCHOICE.COUPON_STATUS (COUPON_ID,COUPON_TYPE_ID,USER_ID,STATUS) values (17,6,'alicia_walker82@naver.com',0);
Insert into GOODCHOICE.COUPON_STATUS (COUPON_ID,COUPON_TYPE_ID,USER_ID,STATUS) values (18,7,'alicia_walker82@naver.com',0);
Insert into GOODCHOICE.COUPON_STATUS (COUPON_ID,COUPON_TYPE_ID,USER_ID,STATUS) values (19,8,'alicia_walker82@naver.com',0);
Insert into GOODCHOICE.COUPON_STATUS (COUPON_ID,COUPON_TYPE_ID,USER_ID,STATUS) values (20,9,'alicia_walker82@naver.com',1);
REM INSERTING into GOODCHOICE.ETC
SET DEFINE OFF;
Insert into GOODCHOICE.ETC (SEQ,ACCOM_ID,WITH_PET,BREAKFAST,SMOKING,VALET_PARKING,NON_SMOKING,IN_ROOM_COOKING,PRINTER,STORAGE,PERSONAL_LOCKER,FREE_PARKING,PICK_UP_AVAILABLE,CAMPFIRE,CREDIT_CARD,PWD,EQ_RENTAL,SITE_PARK) values (1,'G',0,0,0,1,0,0,0,0,0,0,0,0,1,0,0,0);
Insert into GOODCHOICE.ETC (SEQ,ACCOM_ID,WITH_PET,BREAKFAST,SMOKING,VALET_PARKING,NON_SMOKING,IN_ROOM_COOKING,PRINTER,STORAGE,PERSONAL_LOCKER,FREE_PARKING,PICK_UP_AVAILABLE,CAMPFIRE,CREDIT_CARD,PWD,EQ_RENTAL,SITE_PARK) values (2,'G',0,0,0,1,0,0,0,0,0,0,0,0,1,0,0,0);
Insert into GOODCHOICE.ETC (SEQ,ACCOM_ID,WITH_PET,BREAKFAST,SMOKING,VALET_PARKING,NON_SMOKING,IN_ROOM_COOKING,PRINTER,STORAGE,PERSONAL_LOCKER,FREE_PARKING,PICK_UP_AVAILABLE,CAMPFIRE,CREDIT_CARD,PWD,EQ_RENTAL,SITE_PARK) values (3,'G',0,0,0,1,0,1,0,0,0,0,0,0,1,0,0,0);
Insert into GOODCHOICE.ETC (SEQ,ACCOM_ID,WITH_PET,BREAKFAST,SMOKING,VALET_PARKING,NON_SMOKING,IN_ROOM_COOKING,PRINTER,STORAGE,PERSONAL_LOCKER,FREE_PARKING,PICK_UP_AVAILABLE,CAMPFIRE,CREDIT_CARD,PWD,EQ_RENTAL,SITE_PARK) values (4,'G',0,0,0,1,0,0,0,0,0,0,0,0,1,0,0,0);
Insert into GOODCHOICE.ETC (SEQ,ACCOM_ID,WITH_PET,BREAKFAST,SMOKING,VALET_PARKING,NON_SMOKING,IN_ROOM_COOKING,PRINTER,STORAGE,PERSONAL_LOCKER,FREE_PARKING,PICK_UP_AVAILABLE,CAMPFIRE,CREDIT_CARD,PWD,EQ_RENTAL,SITE_PARK) values (5,'G',0,0,0,1,0,1,0,0,0,0,0,0,1,0,0,0);
Insert into GOODCHOICE.ETC (SEQ,ACCOM_ID,WITH_PET,BREAKFAST,SMOKING,VALET_PARKING,NON_SMOKING,IN_ROOM_COOKING,PRINTER,STORAGE,PERSONAL_LOCKER,FREE_PARKING,PICK_UP_AVAILABLE,CAMPFIRE,CREDIT_CARD,PWD,EQ_RENTAL,SITE_PARK) values (6,'H',0,0,0,1,1,0,0,0,0,1,0,0,1,0,0,0);
Insert into GOODCHOICE.ETC (SEQ,ACCOM_ID,WITH_PET,BREAKFAST,SMOKING,VALET_PARKING,NON_SMOKING,IN_ROOM_COOKING,PRINTER,STORAGE,PERSONAL_LOCKER,FREE_PARKING,PICK_UP_AVAILABLE,CAMPFIRE,CREDIT_CARD,PWD,EQ_RENTAL,SITE_PARK) values (7,'H',0,0,0,1,1,0,1,0,0,1,0,0,1,0,0,0);
Insert into GOODCHOICE.ETC (SEQ,ACCOM_ID,WITH_PET,BREAKFAST,SMOKING,VALET_PARKING,NON_SMOKING,IN_ROOM_COOKING,PRINTER,STORAGE,PERSONAL_LOCKER,FREE_PARKING,PICK_UP_AVAILABLE,CAMPFIRE,CREDIT_CARD,PWD,EQ_RENTAL,SITE_PARK) values (8,'H',0,1,0,1,1,0,0,0,0,1,0,0,1,0,0,0);
Insert into GOODCHOICE.ETC (SEQ,ACCOM_ID,WITH_PET,BREAKFAST,SMOKING,VALET_PARKING,NON_SMOKING,IN_ROOM_COOKING,PRINTER,STORAGE,PERSONAL_LOCKER,FREE_PARKING,PICK_UP_AVAILABLE,CAMPFIRE,CREDIT_CARD,PWD,EQ_RENTAL,SITE_PARK) values (9,'H',0,1,0,1,1,0,1,0,0,1,0,0,1,0,0,0);
Insert into GOODCHOICE.ETC (SEQ,ACCOM_ID,WITH_PET,BREAKFAST,SMOKING,VALET_PARKING,NON_SMOKING,IN_ROOM_COOKING,PRINTER,STORAGE,PERSONAL_LOCKER,FREE_PARKING,PICK_UP_AVAILABLE,CAMPFIRE,CREDIT_CARD,PWD,EQ_RENTAL,SITE_PARK) values (10,'H',1,1,1,1,1,0,1,0,0,1,0,0,1,0,0,0);
Insert into GOODCHOICE.ETC (SEQ,ACCOM_ID,WITH_PET,BREAKFAST,SMOKING,VALET_PARKING,NON_SMOKING,IN_ROOM_COOKING,PRINTER,STORAGE,PERSONAL_LOCKER,FREE_PARKING,PICK_UP_AVAILABLE,CAMPFIRE,CREDIT_CARD,PWD,EQ_RENTAL,SITE_PARK) values (11,'H',0,0,0,1,0,1,0,0,0,0,0,0,1,1,1,0);
Insert into GOODCHOICE.ETC (SEQ,ACCOM_ID,WITH_PET,BREAKFAST,SMOKING,VALET_PARKING,NON_SMOKING,IN_ROOM_COOKING,PRINTER,STORAGE,PERSONAL_LOCKER,FREE_PARKING,PICK_UP_AVAILABLE,CAMPFIRE,CREDIT_CARD,PWD,EQ_RENTAL,SITE_PARK) values (12,'P',0,0,0,1,0,1,0,0,0,1,0,0,0,0,0,0);
Insert into GOODCHOICE.ETC (SEQ,ACCOM_ID,WITH_PET,BREAKFAST,SMOKING,VALET_PARKING,NON_SMOKING,IN_ROOM_COOKING,PRINTER,STORAGE,PERSONAL_LOCKER,FREE_PARKING,PICK_UP_AVAILABLE,CAMPFIRE,CREDIT_CARD,PWD,EQ_RENTAL,SITE_PARK) values (13,'P',0,0,0,1,0,1,0,0,0,1,0,1,0,0,0,0);
Insert into GOODCHOICE.ETC (SEQ,ACCOM_ID,WITH_PET,BREAKFAST,SMOKING,VALET_PARKING,NON_SMOKING,IN_ROOM_COOKING,PRINTER,STORAGE,PERSONAL_LOCKER,FREE_PARKING,PICK_UP_AVAILABLE,CAMPFIRE,CREDIT_CARD,PWD,EQ_RENTAL,SITE_PARK) values (14,'P',1,0,0,1,0,1,0,0,0,1,0,1,0,0,0,0);
Insert into GOODCHOICE.ETC (SEQ,ACCOM_ID,WITH_PET,BREAKFAST,SMOKING,VALET_PARKING,NON_SMOKING,IN_ROOM_COOKING,PRINTER,STORAGE,PERSONAL_LOCKER,FREE_PARKING,PICK_UP_AVAILABLE,CAMPFIRE,CREDIT_CARD,PWD,EQ_RENTAL,SITE_PARK) values (15,'P',0,0,0,1,0,1,0,0,0,1,0,1,1,0,0,0);
Insert into GOODCHOICE.ETC (SEQ,ACCOM_ID,WITH_PET,BREAKFAST,SMOKING,VALET_PARKING,NON_SMOKING,IN_ROOM_COOKING,PRINTER,STORAGE,PERSONAL_LOCKER,FREE_PARKING,PICK_UP_AVAILABLE,CAMPFIRE,CREDIT_CARD,PWD,EQ_RENTAL,SITE_PARK) values (16,'P',0,0,0,1,0,1,0,0,0,1,0,0,0,0,0,0);
Insert into GOODCHOICE.ETC (SEQ,ACCOM_ID,WITH_PET,BREAKFAST,SMOKING,VALET_PARKING,NON_SMOKING,IN_ROOM_COOKING,PRINTER,STORAGE,PERSONAL_LOCKER,FREE_PARKING,PICK_UP_AVAILABLE,CAMPFIRE,CREDIT_CARD,PWD,EQ_RENTAL,SITE_PARK) values (17,'C',0,0,0,1,0,1,0,0,0,0,0,0,0,0,0,0);
Insert into GOODCHOICE.ETC (SEQ,ACCOM_ID,WITH_PET,BREAKFAST,SMOKING,VALET_PARKING,NON_SMOKING,IN_ROOM_COOKING,PRINTER,STORAGE,PERSONAL_LOCKER,FREE_PARKING,PICK_UP_AVAILABLE,CAMPFIRE,CREDIT_CARD,PWD,EQ_RENTAL,SITE_PARK) values (18,'C',0,0,0,1,1,1,1,1,0,1,0,0,1,0,0,0);
Insert into GOODCHOICE.ETC (SEQ,ACCOM_ID,WITH_PET,BREAKFAST,SMOKING,VALET_PARKING,NON_SMOKING,IN_ROOM_COOKING,PRINTER,STORAGE,PERSONAL_LOCKER,FREE_PARKING,PICK_UP_AVAILABLE,CAMPFIRE,CREDIT_CARD,PWD,EQ_RENTAL,SITE_PARK) values (19,'C',0,1,0,1,1,0,0,1,0,1,0,0,1,0,0,1);
Insert into GOODCHOICE.ETC (SEQ,ACCOM_ID,WITH_PET,BREAKFAST,SMOKING,VALET_PARKING,NON_SMOKING,IN_ROOM_COOKING,PRINTER,STORAGE,PERSONAL_LOCKER,FREE_PARKING,PICK_UP_AVAILABLE,CAMPFIRE,CREDIT_CARD,PWD,EQ_RENTAL,SITE_PARK) values (20,'C',0,1,0,1,1,0,0,1,0,1,0,0,1,0,0,0);
Insert into GOODCHOICE.ETC (SEQ,ACCOM_ID,WITH_PET,BREAKFAST,SMOKING,VALET_PARKING,NON_SMOKING,IN_ROOM_COOKING,PRINTER,STORAGE,PERSONAL_LOCKER,FREE_PARKING,PICK_UP_AVAILABLE,CAMPFIRE,CREDIT_CARD,PWD,EQ_RENTAL,SITE_PARK) values (21,'C',1,1,1,0,1,0,1,1,0,1,0,0,1,0,0,0);
Insert into GOODCHOICE.ETC (SEQ,ACCOM_ID,WITH_PET,BREAKFAST,SMOKING,VALET_PARKING,NON_SMOKING,IN_ROOM_COOKING,PRINTER,STORAGE,PERSONAL_LOCKER,FREE_PARKING,PICK_UP_AVAILABLE,CAMPFIRE,CREDIT_CARD,PWD,EQ_RENTAL,SITE_PARK) values (22,'C',0,0,0,1,0,1,0,0,0,0,0,0,1,0,0,0);
REM INSERTING into GOODCHOICE.EVENT
SET DEFINE OFF;
Insert into GOODCHOICE.EVENT (EVENT_ID,COUPON_TYPE_ID,EVENT_NAME,EVENT_POINT,WINNER_LIMIT,START_DATE,END_DATE) values (1,1,'이벤트1',null,100,to_date('23/07/20','RR/MM/DD'),to_date('23/08/20','RR/MM/DD'));
Insert into GOODCHOICE.EVENT (EVENT_ID,COUPON_TYPE_ID,EVENT_NAME,EVENT_POINT,WINNER_LIMIT,START_DATE,END_DATE) values (2,null,'이벤트2',5000,50,to_date('23/07/20','RR/MM/DD'),to_date('23/08/20','RR/MM/DD'));
Insert into GOODCHOICE.EVENT (EVENT_ID,COUPON_TYPE_ID,EVENT_NAME,EVENT_POINT,WINNER_LIMIT,START_DATE,END_DATE) values (3,2,'이벤트3',null,20,to_date('23/07/20','RR/MM/DD'),to_date('23/08/20','RR/MM/DD'));
Insert into GOODCHOICE.EVENT (EVENT_ID,COUPON_TYPE_ID,EVENT_NAME,EVENT_POINT,WINNER_LIMIT,START_DATE,END_DATE) values (4,3,'이벤트4',null,100,to_date('23/07/20','RR/MM/DD'),to_date('23/08/20','RR/MM/DD'));
Insert into GOODCHOICE.EVENT (EVENT_ID,COUPON_TYPE_ID,EVENT_NAME,EVENT_POINT,WINNER_LIMIT,START_DATE,END_DATE) values (5,4,'이벤트5',null,500,to_date('23/08/20','RR/MM/DD'),to_date('23/09/20','RR/MM/DD'));
Insert into GOODCHOICE.EVENT (EVENT_ID,COUPON_TYPE_ID,EVENT_NAME,EVENT_POINT,WINNER_LIMIT,START_DATE,END_DATE) values (6,null,'이벤트6',10000,20,to_date('23/08/20','RR/MM/DD'),to_date('23/09/20','RR/MM/DD'));
Insert into GOODCHOICE.EVENT (EVENT_ID,COUPON_TYPE_ID,EVENT_NAME,EVENT_POINT,WINNER_LIMIT,START_DATE,END_DATE) values (7,5,'이벤트7',null,10,to_date('23/08/20','RR/MM/DD'),to_date('23/09/20','RR/MM/DD'));
Insert into GOODCHOICE.EVENT (EVENT_ID,COUPON_TYPE_ID,EVENT_NAME,EVENT_POINT,WINNER_LIMIT,START_DATE,END_DATE) values (8,6,'이벤트8',null,50,to_date('23/08/20','RR/MM/DD'),to_date('23/09/20','RR/MM/DD'));
Insert into GOODCHOICE.EVENT (EVENT_ID,COUPON_TYPE_ID,EVENT_NAME,EVENT_POINT,WINNER_LIMIT,START_DATE,END_DATE) values (9,null,'이벤트9',5000,100,to_date('23/09/01','RR/MM/DD'),to_date('23/10/01','RR/MM/DD'));
Insert into GOODCHOICE.EVENT (EVENT_ID,COUPON_TYPE_ID,EVENT_NAME,EVENT_POINT,WINNER_LIMIT,START_DATE,END_DATE) values (10,7,'이벤트10',null,10,to_date('23/09/01','RR/MM/DD'),to_date('23/10/01','RR/MM/DD'));
REM INSERTING into GOODCHOICE.EVENT_HISTORY
SET DEFINE OFF;
Insert into GOODCHOICE.EVENT_HISTORY (EVENT_ID,USER_ID,WINNER_STATUS,PARTICIPATION_DATE) values (1,'jackson47@naver.com','1',to_date('23/07/21','RR/MM/DD'));
Insert into GOODCHOICE.EVENT_HISTORY (EVENT_ID,USER_ID,WINNER_STATUS,PARTICIPATION_DATE) values (3,'jackson47@naver.com','1',to_date('23/07/21','RR/MM/DD'));
Insert into GOODCHOICE.EVENT_HISTORY (EVENT_ID,USER_ID,WINNER_STATUS,PARTICIPATION_DATE) values (5,'jackson47@naver.com','1',to_date('23/08/21','RR/MM/DD'));
Insert into GOODCHOICE.EVENT_HISTORY (EVENT_ID,USER_ID,WINNER_STATUS,PARTICIPATION_DATE) values (1,'brianne.greenwood@naver.com','1',to_date('23/07/21','RR/MM/DD'));
Insert into GOODCHOICE.EVENT_HISTORY (EVENT_ID,USER_ID,WINNER_STATUS,PARTICIPATION_DATE) values (10,'brianne.greenwood@naver.com','1',to_date('23/09/21','RR/MM/DD'));
Insert into GOODCHOICE.EVENT_HISTORY (EVENT_ID,USER_ID,WINNER_STATUS,PARTICIPATION_DATE) values (5,'daniel.martinez91@naver.com','0',to_date('23/08/21','RR/MM/DD'));
Insert into GOODCHOICE.EVENT_HISTORY (EVENT_ID,USER_ID,WINNER_STATUS,PARTICIPATION_DATE) values (7,'daniel.martinez91@naver.com','0',to_date('23/08/21','RR/MM/DD'));
Insert into GOODCHOICE.EVENT_HISTORY (EVENT_ID,USER_ID,WINNER_STATUS,PARTICIPATION_DATE) values (8,'daniel.martinez91@naver.com','0',to_date('23/08/21','RR/MM/DD'));
Insert into GOODCHOICE.EVENT_HISTORY (EVENT_ID,USER_ID,WINNER_STATUS,PARTICIPATION_DATE) values (10,'daniel.martinez91@naver.com','1',to_date('23/09/21','RR/MM/DD'));
Insert into GOODCHOICE.EVENT_HISTORY (EVENT_ID,USER_ID,WINNER_STATUS,PARTICIPATION_DATE) values (1,'kate.harrison@naver.com','0',to_date('23/07/21','RR/MM/DD'));
Insert into GOODCHOICE.EVENT_HISTORY (EVENT_ID,USER_ID,WINNER_STATUS,PARTICIPATION_DATE) values (3,'kate.harrison@naver.com','0',to_date('23/07/21','RR/MM/DD'));
Insert into GOODCHOICE.EVENT_HISTORY (EVENT_ID,USER_ID,WINNER_STATUS,PARTICIPATION_DATE) values (4,'kate.harrison@naver.com','1',to_date('23/07/21','RR/MM/DD'));
Insert into GOODCHOICE.EVENT_HISTORY (EVENT_ID,USER_ID,WINNER_STATUS,PARTICIPATION_DATE) values (5,'kate.harrison@naver.com','1',to_date('23/08/21','RR/MM/DD'));
Insert into GOODCHOICE.EVENT_HISTORY (EVENT_ID,USER_ID,WINNER_STATUS,PARTICIPATION_DATE) values (7,'kate.harrison@naver.com','1',to_date('23/08/21','RR/MM/DD'));
Insert into GOODCHOICE.EVENT_HISTORY (EVENT_ID,USER_ID,WINNER_STATUS,PARTICIPATION_DATE) values (8,'kate.harrison@naver.com','1',to_date('23/08/21','RR/MM/DD'));
Insert into GOODCHOICE.EVENT_HISTORY (EVENT_ID,USER_ID,WINNER_STATUS,PARTICIPATION_DATE) values (10,'kate.harrison@naver.com','1',to_date('23/09/02','RR/MM/DD'));
Insert into GOODCHOICE.EVENT_HISTORY (EVENT_ID,USER_ID,WINNER_STATUS,PARTICIPATION_DATE) values (1,'alicia_walker82@naver.com','1',to_date('23/07/30','RR/MM/DD'));
Insert into GOODCHOICE.EVENT_HISTORY (EVENT_ID,USER_ID,WINNER_STATUS,PARTICIPATION_DATE) values (3,'alicia_walker82@naver.com','1',to_date('23/07/30','RR/MM/DD'));
Insert into GOODCHOICE.EVENT_HISTORY (EVENT_ID,USER_ID,WINNER_STATUS,PARTICIPATION_DATE) values (4,'alicia_walker82@naver.com','1',to_date('23/07/30','RR/MM/DD'));
Insert into GOODCHOICE.EVENT_HISTORY (EVENT_ID,USER_ID,WINNER_STATUS,PARTICIPATION_DATE) values (5,'alicia_walker82@naver.com','1',to_date('23/08/21','RR/MM/DD'));
Insert into GOODCHOICE.EVENT_HISTORY (EVENT_ID,USER_ID,WINNER_STATUS,PARTICIPATION_DATE) values (7,'alicia_walker82@naver.com','1',to_date('23/08/22','RR/MM/DD'));
Insert into GOODCHOICE.EVENT_HISTORY (EVENT_ID,USER_ID,WINNER_STATUS,PARTICIPATION_DATE) values (8,'alicia_walker82@naver.com','1',to_date('23/08/24','RR/MM/DD'));
Insert into GOODCHOICE.EVENT_HISTORY (EVENT_ID,USER_ID,WINNER_STATUS,PARTICIPATION_DATE) values (10,'alicia_walker82@naver.com','1',to_date('23/09/15','RR/MM/DD'));
Insert into GOODCHOICE.EVENT_HISTORY (EVENT_ID,USER_ID,WINNER_STATUS,PARTICIPATION_DATE) values (1,'easy0525@naver.com','1',to_date('23/09/19','RR/MM/DD'));
REM INSERTING into GOODCHOICE.GUBUN
SET DEFINE OFF;
Insert into GOODCHOICE.GUBUN (SEQ,CODE,TITLE) values (1,'E','이벤트참여');
Insert into GOODCHOICE.GUBUN (SEQ,CODE,TITLE) values (2,'R','리얼리뷰작성');
Insert into GOODCHOICE.GUBUN (SEQ,CODE,TITLE) values (3,'A','숙소이용');
REM INSERTING into GOODCHOICE.INQUIRY
SET DEFINE OFF;
Insert into GOODCHOICE.INQUIRY (INQUIRY_ID,USER_ID,INQUIRY_DATE,CATEGORY_TYPE,INQUIRY_TYPE,PHONE_NUMBER,EMAIL,INQUIRY_CONTENT,ANSWER_CONTENT,ANSWER_DATE,STATUS) values (1,'jackson47@naver.com',to_date('23/09/14','RR/MM/DD'),'모텔','예약/결제','01012345678','jackson47@naver.com','예약/결제가 안되요','서버 오류',to_date('23/09/14','RR/MM/DD'),'1');
Insert into GOODCHOICE.INQUIRY (INQUIRY_ID,USER_ID,INQUIRY_DATE,CATEGORY_TYPE,INQUIRY_TYPE,PHONE_NUMBER,EMAIL,INQUIRY_CONTENT,ANSWER_CONTENT,ANSWER_DATE,STATUS) values (2,'alicia_walker82@naver.com',to_date('23/09/14','RR/MM/DD'),'호텔·리조트','취소/환불','01023456789','alicia_walker82@naver.com','취소 가능 시간에 취소가 안되요','해당 모텔은 어플을 통한 취소가 불가능합니다. 모텔 유선 전화 안내드립니다. 053-123-4568',to_date('23/09/14','RR/MM/DD'),'1');
Insert into GOODCHOICE.INQUIRY (INQUIRY_ID,USER_ID,INQUIRY_DATE,CATEGORY_TYPE,INQUIRY_TYPE,PHONE_NUMBER,EMAIL,INQUIRY_CONTENT,ANSWER_CONTENT,ANSWER_DATE,STATUS) values (3,'brianne.greenwood@naver.com',to_date('23/09/14','RR/MM/DD'),'펜션','이용문의','01034567890','brianne.greenwood@naver.com','소음이 너무 심해요','노이즈캔슬링 이어폰 선물로 드립니다.',to_date('23/09/14','RR/MM/DD'),'1');
Insert into GOODCHOICE.INQUIRY (INQUIRY_ID,USER_ID,INQUIRY_DATE,CATEGORY_TYPE,INQUIRY_TYPE,PHONE_NUMBER,EMAIL,INQUIRY_CONTENT,ANSWER_CONTENT,ANSWER_DATE,STATUS) values (4,'daniel.martinez91@naver.com',to_date('23/09/14','RR/MM/DD'),'모텔','혜택받기','01045678901','daniel.martinez91@naver.com','주위 밥이 너무 맛이 없어요',null,null,'2');
Insert into GOODCHOICE.INQUIRY (INQUIRY_ID,USER_ID,INQUIRY_DATE,CATEGORY_TYPE,INQUIRY_TYPE,PHONE_NUMBER,EMAIL,INQUIRY_CONTENT,ANSWER_CONTENT,ANSWER_DATE,STATUS) values (5,'kate.harrison@naver.com',to_date('23/09/14','RR/MM/DD'),'게스트하우스','환불신청','01056789012','kate.harrison@naver.com','사장님이 불친절해요',null,null,'2');
Insert into GOODCHOICE.INQUIRY (INQUIRY_ID,USER_ID,INQUIRY_DATE,CATEGORY_TYPE,INQUIRY_TYPE,PHONE_NUMBER,EMAIL,INQUIRY_CONTENT,ANSWER_CONTENT,ANSWER_DATE,STATUS) values (6,'kkkkkkk@kkkkkk',to_date('23/09/17','RR/MM/DD'),'모모','텔에일','000909090','kkkk@kkk2','아라비아따',null,null,null);
Insert into GOODCHOICE.INQUIRY (INQUIRY_ID,USER_ID,INQUIRY_DATE,CATEGORY_TYPE,INQUIRY_TYPE,PHONE_NUMBER,EMAIL,INQUIRY_CONTENT,ANSWER_CONTENT,ANSWER_DATE,STATUS) values (7,'kkkkkkk@kkkkkk',to_date('23/09/18','RR/MM/DD'),'이잉','텔레비죤','00012309090','kkkk@kkk1','아라비아따',null,null,null);
Insert into GOODCHOICE.INQUIRY (INQUIRY_ID,USER_ID,INQUIRY_DATE,CATEGORY_TYPE,INQUIRY_TYPE,PHONE_NUMBER,EMAIL,INQUIRY_CONTENT,ANSWER_CONTENT,ANSWER_DATE,STATUS) values (8,'kkkkkkk@kkkkkk',to_date('23/09/18','RR/MM/DD'),'삥빵ㅃ홍','ㅂㄷㄱㅁㅇㄹㅋㅌㅊㅍㅊㅍ ㅁㅁㄴㅇㄻㄴㄻㄴㅇㄻㄹㅇ','9999999999','kkkk@33333333','아라비아따',null,null,null);
Insert into GOODCHOICE.INQUIRY (INQUIRY_ID,USER_ID,INQUIRY_DATE,CATEGORY_TYPE,INQUIRY_TYPE,PHONE_NUMBER,EMAIL,INQUIRY_CONTENT,ANSWER_CONTENT,ANSWER_DATE,STATUS) values (9,'kkkkkkk@kkkkkk',to_date('23/09/18','RR/MM/DD'),'호텔질문','취소문의','88888888','kkkk@33333333','질질문문질문질문질문질문질문질문',null,null,null);
Insert into GOODCHOICE.INQUIRY (INQUIRY_ID,USER_ID,INQUIRY_DATE,CATEGORY_TYPE,INQUIRY_TYPE,PHONE_NUMBER,EMAIL,INQUIRY_CONTENT,ANSWER_CONTENT,ANSWER_DATE,STATUS) values (11,'jackson47@naver.com',to_date('23/09/19','RR/MM/DD'),'호텔','예약/결제','010-4588-1548','jackson47@naver.com','카카오페이로 결제가 안 돼요....ㅜㅜㅜ',null,null,null);
REM INSERTING into GOODCHOICE.MEMBER
SET DEFINE OFF;
Insert into GOODCHOICE.MEMBER (USER_ID,USER_PW,USER_NICKNAME,USER_NAME,PHONE_NUMBER,USER_GRADE,USER_POINTS,USER_COUPONS) values ('jackson47@naver.com','pp123456','라쥬라사','박민석','010-1234-5678',1,200,3);
Insert into GOODCHOICE.MEMBER (USER_ID,USER_PW,USER_NICKNAME,USER_NAME,PHONE_NUMBER,USER_GRADE,USER_POINTS,USER_COUPONS) values ('alicia_walker82@naver.com','kk123456','에디오파아서민','김성준','010-2345-6789',1,null,10);
Insert into GOODCHOICE.MEMBER (USER_ID,USER_PW,USER_NICKNAME,USER_NAME,PHONE_NUMBER,USER_GRADE,USER_POINTS,USER_COUPONS) values ('brianne.greenwood@naver.com','ss123456','당연한석탄','신종혁','010-3456-7890',0,3000,1);
Insert into GOODCHOICE.MEMBER (USER_ID,USER_PW,USER_NICKNAME,USER_NAME,PHONE_NUMBER,USER_GRADE,USER_POINTS,USER_COUPONS) values ('daniel.martinez91@naver.com','jj123456','코스타리카벙거지','주강민','010-4567-8901',0,500,0);
Insert into GOODCHOICE.MEMBER (USER_ID,USER_PW,USER_NICKNAME,USER_NAME,PHONE_NUMBER,USER_GRADE,USER_POINTS,USER_COUPONS) values ('kate.harrison@naver.com','yy123456','푹한사자자리','김정주','010-5678-9012',1,4500,3);
Insert into GOODCHOICE.MEMBER (USER_ID,USER_PW,USER_NICKNAME,USER_NAME,PHONE_NUMBER,USER_GRADE,USER_POINTS,USER_COUPONS) values ('kkkkkkk@kkkkkk','kkkkkkkkk','example_nickname',null,'111-1111-1111',null,null,null);
Insert into GOODCHOICE.MEMBER (USER_ID,USER_PW,USER_NICKNAME,USER_NAME,PHONE_NUMBER,USER_GRADE,USER_POINTS,USER_COUPONS) values ('kkkkkkk@kkkkk1','kkkkkkkk1','Guest055307',null,'010-1111-1112',null,null,null);
Insert into GOODCHOICE.MEMBER (USER_ID,USER_PW,USER_NICKNAME,USER_NAME,PHONE_NUMBER,USER_GRADE,USER_POINTS,USER_COUPONS) values ('HIHIHIHI@GGGOOOOD','HAPPPP','Guest153646',null,'0546565656',null,null,null);
Insert into GOODCHOICE.MEMBER (USER_ID,USER_PW,USER_NICKNAME,USER_NAME,PHONE_NUMBER,USER_GRADE,USER_POINTS,USER_COUPONS) values ('QWERXCV@QWERSFGH23','A!!@#$@%@5','Guest155030',null,'777-7777-7777',null,null,null);
Insert into GOODCHOICE.MEMBER (USER_ID,USER_PW,USER_NICKNAME,USER_NAME,PHONE_NUMBER,USER_GRADE,USER_POINTS,USER_COUPONS) values ('ASD1234@NAVER.COM','A!!@#$@%@5','Guest165418',null,'010-4567-0890',null,null,null);
Insert into GOODCHOICE.MEMBER (USER_ID,USER_PW,USER_NICKNAME,USER_NAME,PHONE_NUMBER,USER_GRADE,USER_POINTS,USER_COUPONS) values ('easy0525@naver.com','157835','이지',null,'010-5523-4090',null,null,null);
REM INSERTING into GOODCHOICE.MOTEL_BENEFIT
SET DEFINE OFF;
Insert into GOODCHOICE.MOTEL_BENEFIT (SEQ,ACCOM_ID,CANCEL_THE_RESERVATION,SPECIAL_PRICE,ACCOM_TOP1000) values (23,'M',1,1,1);
Insert into GOODCHOICE.MOTEL_BENEFIT (SEQ,ACCOM_ID,CANCEL_THE_RESERVATION,SPECIAL_PRICE,ACCOM_TOP1000) values (24,'M',1,1,0);
Insert into GOODCHOICE.MOTEL_BENEFIT (SEQ,ACCOM_ID,CANCEL_THE_RESERVATION,SPECIAL_PRICE,ACCOM_TOP1000) values (25,'M',0,0,1);
Insert into GOODCHOICE.MOTEL_BENEFIT (SEQ,ACCOM_ID,CANCEL_THE_RESERVATION,SPECIAL_PRICE,ACCOM_TOP1000) values (26,'M',1,0,0);
Insert into GOODCHOICE.MOTEL_BENEFIT (SEQ,ACCOM_ID,CANCEL_THE_RESERVATION,SPECIAL_PRICE,ACCOM_TOP1000) values (27,'M',1,1,1);
Insert into GOODCHOICE.MOTEL_BENEFIT (SEQ,ACCOM_ID,CANCEL_THE_RESERVATION,SPECIAL_PRICE,ACCOM_TOP1000) values (23,'M',1,1,1);
Insert into GOODCHOICE.MOTEL_BENEFIT (SEQ,ACCOM_ID,CANCEL_THE_RESERVATION,SPECIAL_PRICE,ACCOM_TOP1000) values (24,'M',1,1,0);
Insert into GOODCHOICE.MOTEL_BENEFIT (SEQ,ACCOM_ID,CANCEL_THE_RESERVATION,SPECIAL_PRICE,ACCOM_TOP1000) values (25,'M',0,0,1);
Insert into GOODCHOICE.MOTEL_BENEFIT (SEQ,ACCOM_ID,CANCEL_THE_RESERVATION,SPECIAL_PRICE,ACCOM_TOP1000) values (26,'M',1,0,0);
Insert into GOODCHOICE.MOTEL_BENEFIT (SEQ,ACCOM_ID,CANCEL_THE_RESERVATION,SPECIAL_PRICE,ACCOM_TOP1000) values (27,'M',1,1,1);
Insert into GOODCHOICE.MOTEL_BENEFIT (SEQ,ACCOM_ID,CANCEL_THE_RESERVATION,SPECIAL_PRICE,ACCOM_TOP1000) values (23,'M',1,1,1);
Insert into GOODCHOICE.MOTEL_BENEFIT (SEQ,ACCOM_ID,CANCEL_THE_RESERVATION,SPECIAL_PRICE,ACCOM_TOP1000) values (24,'M',1,1,0);
Insert into GOODCHOICE.MOTEL_BENEFIT (SEQ,ACCOM_ID,CANCEL_THE_RESERVATION,SPECIAL_PRICE,ACCOM_TOP1000) values (25,'M',0,0,1);
Insert into GOODCHOICE.MOTEL_BENEFIT (SEQ,ACCOM_ID,CANCEL_THE_RESERVATION,SPECIAL_PRICE,ACCOM_TOP1000) values (26,'M',1,0,0);
Insert into GOODCHOICE.MOTEL_BENEFIT (SEQ,ACCOM_ID,CANCEL_THE_RESERVATION,SPECIAL_PRICE,ACCOM_TOP1000) values (27,'M',1,1,1);
REM INSERTING into GOODCHOICE.MOTEL_PLAY_FACILITY
SET DEFINE OFF;
Insert into GOODCHOICE.MOTEL_PLAY_FACILITY (SEQ,ACCOM_ID,M_SWIMMING_POOL,M_KARAOKE,BILLIARD_TABLE,GAME_CONSOLE,MASSAGE_CHAIR,COUPLE_PC,M_MINI_BAR,TV_3D,BEAM_PROJECTOR) values (23,'M',0,0,0,0,0,1,0,0,0);
Insert into GOODCHOICE.MOTEL_PLAY_FACILITY (SEQ,ACCOM_ID,M_SWIMMING_POOL,M_KARAOKE,BILLIARD_TABLE,GAME_CONSOLE,MASSAGE_CHAIR,COUPLE_PC,M_MINI_BAR,TV_3D,BEAM_PROJECTOR) values (24,'M',0,0,0,1,0,0,0,0,0);
Insert into GOODCHOICE.MOTEL_PLAY_FACILITY (SEQ,ACCOM_ID,M_SWIMMING_POOL,M_KARAOKE,BILLIARD_TABLE,GAME_CONSOLE,MASSAGE_CHAIR,COUPLE_PC,M_MINI_BAR,TV_3D,BEAM_PROJECTOR) values (25,'M',0,0,1,1,0,0,0,1,0);
Insert into GOODCHOICE.MOTEL_PLAY_FACILITY (SEQ,ACCOM_ID,M_SWIMMING_POOL,M_KARAOKE,BILLIARD_TABLE,GAME_CONSOLE,MASSAGE_CHAIR,COUPLE_PC,M_MINI_BAR,TV_3D,BEAM_PROJECTOR) values (26,'M',0,0,0,0,1,0,1,0,0);
Insert into GOODCHOICE.MOTEL_PLAY_FACILITY (SEQ,ACCOM_ID,M_SWIMMING_POOL,M_KARAOKE,BILLIARD_TABLE,GAME_CONSOLE,MASSAGE_CHAIR,COUPLE_PC,M_MINI_BAR,TV_3D,BEAM_PROJECTOR) values (27,'M',1,1,0,0,0,0,0,1,1);
Insert into GOODCHOICE.MOTEL_PLAY_FACILITY (SEQ,ACCOM_ID,M_SWIMMING_POOL,M_KARAOKE,BILLIARD_TABLE,GAME_CONSOLE,MASSAGE_CHAIR,COUPLE_PC,M_MINI_BAR,TV_3D,BEAM_PROJECTOR) values (23,'M',0,0,0,0,0,1,0,0,0);
Insert into GOODCHOICE.MOTEL_PLAY_FACILITY (SEQ,ACCOM_ID,M_SWIMMING_POOL,M_KARAOKE,BILLIARD_TABLE,GAME_CONSOLE,MASSAGE_CHAIR,COUPLE_PC,M_MINI_BAR,TV_3D,BEAM_PROJECTOR) values (24,'M',0,0,0,1,0,0,0,0,0);
Insert into GOODCHOICE.MOTEL_PLAY_FACILITY (SEQ,ACCOM_ID,M_SWIMMING_POOL,M_KARAOKE,BILLIARD_TABLE,GAME_CONSOLE,MASSAGE_CHAIR,COUPLE_PC,M_MINI_BAR,TV_3D,BEAM_PROJECTOR) values (25,'M',0,0,1,1,0,0,0,1,0);
Insert into GOODCHOICE.MOTEL_PLAY_FACILITY (SEQ,ACCOM_ID,M_SWIMMING_POOL,M_KARAOKE,BILLIARD_TABLE,GAME_CONSOLE,MASSAGE_CHAIR,COUPLE_PC,M_MINI_BAR,TV_3D,BEAM_PROJECTOR) values (26,'M',0,0,0,0,1,0,1,0,0);
Insert into GOODCHOICE.MOTEL_PLAY_FACILITY (SEQ,ACCOM_ID,M_SWIMMING_POOL,M_KARAOKE,BILLIARD_TABLE,GAME_CONSOLE,MASSAGE_CHAIR,COUPLE_PC,M_MINI_BAR,TV_3D,BEAM_PROJECTOR) values (27,'M',1,1,0,0,0,0,0,1,1);
Insert into GOODCHOICE.MOTEL_PLAY_FACILITY (SEQ,ACCOM_ID,M_SWIMMING_POOL,M_KARAOKE,BILLIARD_TABLE,GAME_CONSOLE,MASSAGE_CHAIR,COUPLE_PC,M_MINI_BAR,TV_3D,BEAM_PROJECTOR) values (23,'M',0,0,0,0,0,1,0,0,0);
Insert into GOODCHOICE.MOTEL_PLAY_FACILITY (SEQ,ACCOM_ID,M_SWIMMING_POOL,M_KARAOKE,BILLIARD_TABLE,GAME_CONSOLE,MASSAGE_CHAIR,COUPLE_PC,M_MINI_BAR,TV_3D,BEAM_PROJECTOR) values (24,'M',0,0,0,1,0,0,0,0,0);
Insert into GOODCHOICE.MOTEL_PLAY_FACILITY (SEQ,ACCOM_ID,M_SWIMMING_POOL,M_KARAOKE,BILLIARD_TABLE,GAME_CONSOLE,MASSAGE_CHAIR,COUPLE_PC,M_MINI_BAR,TV_3D,BEAM_PROJECTOR) values (25,'M',0,0,1,1,0,0,0,1,0);
Insert into GOODCHOICE.MOTEL_PLAY_FACILITY (SEQ,ACCOM_ID,M_SWIMMING_POOL,M_KARAOKE,BILLIARD_TABLE,GAME_CONSOLE,MASSAGE_CHAIR,COUPLE_PC,M_MINI_BAR,TV_3D,BEAM_PROJECTOR) values (26,'M',0,0,0,0,1,0,1,0,0);
Insert into GOODCHOICE.MOTEL_PLAY_FACILITY (SEQ,ACCOM_ID,M_SWIMMING_POOL,M_KARAOKE,BILLIARD_TABLE,GAME_CONSOLE,MASSAGE_CHAIR,COUPLE_PC,M_MINI_BAR,TV_3D,BEAM_PROJECTOR) values (27,'M',1,1,0,0,0,0,0,1,1);
REM INSERTING into GOODCHOICE.MOTEL_RESERVATION_OPTIONS
SET DEFINE OFF;
Insert into GOODCHOICE.MOTEL_RESERVATION_OPTIONS (SEQ,ACCOM_ID,ACCOM_RESERVATION,RENTAL_ROOM,OFF50) values (23,'M',0,1,1);
Insert into GOODCHOICE.MOTEL_RESERVATION_OPTIONS (SEQ,ACCOM_ID,ACCOM_RESERVATION,RENTAL_ROOM,OFF50) values (24,'M',1,1,0);
Insert into GOODCHOICE.MOTEL_RESERVATION_OPTIONS (SEQ,ACCOM_ID,ACCOM_RESERVATION,RENTAL_ROOM,OFF50) values (25,'M',0,1,0);
Insert into GOODCHOICE.MOTEL_RESERVATION_OPTIONS (SEQ,ACCOM_ID,ACCOM_RESERVATION,RENTAL_ROOM,OFF50) values (26,'M',1,1,0);
Insert into GOODCHOICE.MOTEL_RESERVATION_OPTIONS (SEQ,ACCOM_ID,ACCOM_RESERVATION,RENTAL_ROOM,OFF50) values (27,'M',1,0,1);
Insert into GOODCHOICE.MOTEL_RESERVATION_OPTIONS (SEQ,ACCOM_ID,ACCOM_RESERVATION,RENTAL_ROOM,OFF50) values (23,'M',0,1,1);
Insert into GOODCHOICE.MOTEL_RESERVATION_OPTIONS (SEQ,ACCOM_ID,ACCOM_RESERVATION,RENTAL_ROOM,OFF50) values (24,'M',1,1,0);
Insert into GOODCHOICE.MOTEL_RESERVATION_OPTIONS (SEQ,ACCOM_ID,ACCOM_RESERVATION,RENTAL_ROOM,OFF50) values (25,'M',0,1,0);
Insert into GOODCHOICE.MOTEL_RESERVATION_OPTIONS (SEQ,ACCOM_ID,ACCOM_RESERVATION,RENTAL_ROOM,OFF50) values (26,'M',1,1,0);
Insert into GOODCHOICE.MOTEL_RESERVATION_OPTIONS (SEQ,ACCOM_ID,ACCOM_RESERVATION,RENTAL_ROOM,OFF50) values (27,'M',1,0,1);
Insert into GOODCHOICE.MOTEL_RESERVATION_OPTIONS (SEQ,ACCOM_ID,ACCOM_RESERVATION,RENTAL_ROOM,OFF50) values (23,'M',0,1,1);
Insert into GOODCHOICE.MOTEL_RESERVATION_OPTIONS (SEQ,ACCOM_ID,ACCOM_RESERVATION,RENTAL_ROOM,OFF50) values (24,'M',1,1,0);
Insert into GOODCHOICE.MOTEL_RESERVATION_OPTIONS (SEQ,ACCOM_ID,ACCOM_RESERVATION,RENTAL_ROOM,OFF50) values (25,'M',0,1,0);
Insert into GOODCHOICE.MOTEL_RESERVATION_OPTIONS (SEQ,ACCOM_ID,ACCOM_RESERVATION,RENTAL_ROOM,OFF50) values (26,'M',1,1,0);
Insert into GOODCHOICE.MOTEL_RESERVATION_OPTIONS (SEQ,ACCOM_ID,ACCOM_RESERVATION,RENTAL_ROOM,OFF50) values (27,'M',1,0,1);
REM INSERTING into GOODCHOICE.MOTEL_SPAFACILITIES
SET DEFINE OFF;
Insert into GOODCHOICE.MOTEL_SPAFACILITIES (SEQ,ACCOM_ID,SPA_WHIRLPOOL_BATHTUB,SAUNA_JJIMJILBANG,MASSAGE_BED,HINOKI_BATH,OPEN_AIR_BATH,HALF_BATH,BATHROOM_TV) values (23,'M',0,0,0,0,0,1,0);
Insert into GOODCHOICE.MOTEL_SPAFACILITIES (SEQ,ACCOM_ID,SPA_WHIRLPOOL_BATHTUB,SAUNA_JJIMJILBANG,MASSAGE_BED,HINOKI_BATH,OPEN_AIR_BATH,HALF_BATH,BATHROOM_TV) values (24,'M',0,0,0,0,0,1,0);
Insert into GOODCHOICE.MOTEL_SPAFACILITIES (SEQ,ACCOM_ID,SPA_WHIRLPOOL_BATHTUB,SAUNA_JJIMJILBANG,MASSAGE_BED,HINOKI_BATH,OPEN_AIR_BATH,HALF_BATH,BATHROOM_TV) values (25,'M',0,0,0,0,0,1,0);
Insert into GOODCHOICE.MOTEL_SPAFACILITIES (SEQ,ACCOM_ID,SPA_WHIRLPOOL_BATHTUB,SAUNA_JJIMJILBANG,MASSAGE_BED,HINOKI_BATH,OPEN_AIR_BATH,HALF_BATH,BATHROOM_TV) values (26,'M',0,0,0,1,0,1,0);
Insert into GOODCHOICE.MOTEL_SPAFACILITIES (SEQ,ACCOM_ID,SPA_WHIRLPOOL_BATHTUB,SAUNA_JJIMJILBANG,MASSAGE_BED,HINOKI_BATH,OPEN_AIR_BATH,HALF_BATH,BATHROOM_TV) values (27,'M',0,1,1,0,1,0,0);
Insert into GOODCHOICE.MOTEL_SPAFACILITIES (SEQ,ACCOM_ID,SPA_WHIRLPOOL_BATHTUB,SAUNA_JJIMJILBANG,MASSAGE_BED,HINOKI_BATH,OPEN_AIR_BATH,HALF_BATH,BATHROOM_TV) values (23,'M',0,0,0,0,0,1,0);
Insert into GOODCHOICE.MOTEL_SPAFACILITIES (SEQ,ACCOM_ID,SPA_WHIRLPOOL_BATHTUB,SAUNA_JJIMJILBANG,MASSAGE_BED,HINOKI_BATH,OPEN_AIR_BATH,HALF_BATH,BATHROOM_TV) values (24,'M',0,0,0,0,0,1,0);
Insert into GOODCHOICE.MOTEL_SPAFACILITIES (SEQ,ACCOM_ID,SPA_WHIRLPOOL_BATHTUB,SAUNA_JJIMJILBANG,MASSAGE_BED,HINOKI_BATH,OPEN_AIR_BATH,HALF_BATH,BATHROOM_TV) values (25,'M',0,0,0,0,0,1,0);
Insert into GOODCHOICE.MOTEL_SPAFACILITIES (SEQ,ACCOM_ID,SPA_WHIRLPOOL_BATHTUB,SAUNA_JJIMJILBANG,MASSAGE_BED,HINOKI_BATH,OPEN_AIR_BATH,HALF_BATH,BATHROOM_TV) values (26,'M',0,0,0,1,0,1,0);
Insert into GOODCHOICE.MOTEL_SPAFACILITIES (SEQ,ACCOM_ID,SPA_WHIRLPOOL_BATHTUB,SAUNA_JJIMJILBANG,MASSAGE_BED,HINOKI_BATH,OPEN_AIR_BATH,HALF_BATH,BATHROOM_TV) values (27,'M',0,1,1,0,1,0,0);
Insert into GOODCHOICE.MOTEL_SPAFACILITIES (SEQ,ACCOM_ID,SPA_WHIRLPOOL_BATHTUB,SAUNA_JJIMJILBANG,MASSAGE_BED,HINOKI_BATH,OPEN_AIR_BATH,HALF_BATH,BATHROOM_TV) values (23,'M',0,0,0,0,0,1,0);
Insert into GOODCHOICE.MOTEL_SPAFACILITIES (SEQ,ACCOM_ID,SPA_WHIRLPOOL_BATHTUB,SAUNA_JJIMJILBANG,MASSAGE_BED,HINOKI_BATH,OPEN_AIR_BATH,HALF_BATH,BATHROOM_TV) values (24,'M',0,0,0,0,0,1,0);
Insert into GOODCHOICE.MOTEL_SPAFACILITIES (SEQ,ACCOM_ID,SPA_WHIRLPOOL_BATHTUB,SAUNA_JJIMJILBANG,MASSAGE_BED,HINOKI_BATH,OPEN_AIR_BATH,HALF_BATH,BATHROOM_TV) values (25,'M',0,0,0,0,0,1,0);
Insert into GOODCHOICE.MOTEL_SPAFACILITIES (SEQ,ACCOM_ID,SPA_WHIRLPOOL_BATHTUB,SAUNA_JJIMJILBANG,MASSAGE_BED,HINOKI_BATH,OPEN_AIR_BATH,HALF_BATH,BATHROOM_TV) values (26,'M',0,0,0,1,0,1,0);
Insert into GOODCHOICE.MOTEL_SPAFACILITIES (SEQ,ACCOM_ID,SPA_WHIRLPOOL_BATHTUB,SAUNA_JJIMJILBANG,MASSAGE_BED,HINOKI_BATH,OPEN_AIR_BATH,HALF_BATH,BATHROOM_TV) values (27,'M',0,1,1,0,1,0,0);
REM INSERTING into GOODCHOICE.MOTEL_UNIQUETHEME
SET DEFINE OFF;
Insert into GOODCHOICE.MOTEL_UNIQUETHEME (SEQ,ACCOM_ID,UNMANNED,PARTY_ROOM,MIRROR_ROOM,DUPLEX_ROOM,PRINCESS_ROOM,TWIN_BED,OUTDOOR_TERRACE,OCEAN_VIEW,LAKE_VIEW,SKY_VIEW) values (23,'M',0,0,1,0,0,0,0,0,0,0);
Insert into GOODCHOICE.MOTEL_UNIQUETHEME (SEQ,ACCOM_ID,UNMANNED,PARTY_ROOM,MIRROR_ROOM,DUPLEX_ROOM,PRINCESS_ROOM,TWIN_BED,OUTDOOR_TERRACE,OCEAN_VIEW,LAKE_VIEW,SKY_VIEW) values (24,'M',1,0,1,0,1,0,0,0,0,0);
Insert into GOODCHOICE.MOTEL_UNIQUETHEME (SEQ,ACCOM_ID,UNMANNED,PARTY_ROOM,MIRROR_ROOM,DUPLEX_ROOM,PRINCESS_ROOM,TWIN_BED,OUTDOOR_TERRACE,OCEAN_VIEW,LAKE_VIEW,SKY_VIEW) values (25,'M',0,0,0,0,0,0,0,0,0,0);
Insert into GOODCHOICE.MOTEL_UNIQUETHEME (SEQ,ACCOM_ID,UNMANNED,PARTY_ROOM,MIRROR_ROOM,DUPLEX_ROOM,PRINCESS_ROOM,TWIN_BED,OUTDOOR_TERRACE,OCEAN_VIEW,LAKE_VIEW,SKY_VIEW) values (26,'M',0,0,0,0,0,1,0,0,0,0);
Insert into GOODCHOICE.MOTEL_UNIQUETHEME (SEQ,ACCOM_ID,UNMANNED,PARTY_ROOM,MIRROR_ROOM,DUPLEX_ROOM,PRINCESS_ROOM,TWIN_BED,OUTDOOR_TERRACE,OCEAN_VIEW,LAKE_VIEW,SKY_VIEW) values (27,'M',0,0,0,1,0,0,1,1,1,1);
Insert into GOODCHOICE.MOTEL_UNIQUETHEME (SEQ,ACCOM_ID,UNMANNED,PARTY_ROOM,MIRROR_ROOM,DUPLEX_ROOM,PRINCESS_ROOM,TWIN_BED,OUTDOOR_TERRACE,OCEAN_VIEW,LAKE_VIEW,SKY_VIEW) values (23,'M',0,0,1,0,0,0,0,0,0,0);
Insert into GOODCHOICE.MOTEL_UNIQUETHEME (SEQ,ACCOM_ID,UNMANNED,PARTY_ROOM,MIRROR_ROOM,DUPLEX_ROOM,PRINCESS_ROOM,TWIN_BED,OUTDOOR_TERRACE,OCEAN_VIEW,LAKE_VIEW,SKY_VIEW) values (24,'M',1,0,1,0,1,0,0,0,0,0);
Insert into GOODCHOICE.MOTEL_UNIQUETHEME (SEQ,ACCOM_ID,UNMANNED,PARTY_ROOM,MIRROR_ROOM,DUPLEX_ROOM,PRINCESS_ROOM,TWIN_BED,OUTDOOR_TERRACE,OCEAN_VIEW,LAKE_VIEW,SKY_VIEW) values (25,'M',0,0,0,0,0,0,0,0,0,0);
Insert into GOODCHOICE.MOTEL_UNIQUETHEME (SEQ,ACCOM_ID,UNMANNED,PARTY_ROOM,MIRROR_ROOM,DUPLEX_ROOM,PRINCESS_ROOM,TWIN_BED,OUTDOOR_TERRACE,OCEAN_VIEW,LAKE_VIEW,SKY_VIEW) values (26,'M',0,0,0,0,0,1,0,0,0,0);
Insert into GOODCHOICE.MOTEL_UNIQUETHEME (SEQ,ACCOM_ID,UNMANNED,PARTY_ROOM,MIRROR_ROOM,DUPLEX_ROOM,PRINCESS_ROOM,TWIN_BED,OUTDOOR_TERRACE,OCEAN_VIEW,LAKE_VIEW,SKY_VIEW) values (27,'M',0,0,0,1,0,0,1,1,1,1);
Insert into GOODCHOICE.MOTEL_UNIQUETHEME (SEQ,ACCOM_ID,UNMANNED,PARTY_ROOM,MIRROR_ROOM,DUPLEX_ROOM,PRINCESS_ROOM,TWIN_BED,OUTDOOR_TERRACE,OCEAN_VIEW,LAKE_VIEW,SKY_VIEW) values (23,'M',0,0,1,0,0,0,0,0,0,0);
Insert into GOODCHOICE.MOTEL_UNIQUETHEME (SEQ,ACCOM_ID,UNMANNED,PARTY_ROOM,MIRROR_ROOM,DUPLEX_ROOM,PRINCESS_ROOM,TWIN_BED,OUTDOOR_TERRACE,OCEAN_VIEW,LAKE_VIEW,SKY_VIEW) values (24,'M',1,0,1,0,1,0,0,0,0,0);
Insert into GOODCHOICE.MOTEL_UNIQUETHEME (SEQ,ACCOM_ID,UNMANNED,PARTY_ROOM,MIRROR_ROOM,DUPLEX_ROOM,PRINCESS_ROOM,TWIN_BED,OUTDOOR_TERRACE,OCEAN_VIEW,LAKE_VIEW,SKY_VIEW) values (25,'M',0,0,0,0,0,0,0,0,0,0);
Insert into GOODCHOICE.MOTEL_UNIQUETHEME (SEQ,ACCOM_ID,UNMANNED,PARTY_ROOM,MIRROR_ROOM,DUPLEX_ROOM,PRINCESS_ROOM,TWIN_BED,OUTDOOR_TERRACE,OCEAN_VIEW,LAKE_VIEW,SKY_VIEW) values (26,'M',0,0,0,0,0,1,0,0,0,0);
Insert into GOODCHOICE.MOTEL_UNIQUETHEME (SEQ,ACCOM_ID,UNMANNED,PARTY_ROOM,MIRROR_ROOM,DUPLEX_ROOM,PRINCESS_ROOM,TWIN_BED,OUTDOOR_TERRACE,OCEAN_VIEW,LAKE_VIEW,SKY_VIEW) values (27,'M',0,0,0,1,0,0,1,1,1,1);
REM INSERTING into GOODCHOICE.PAYMENT
SET DEFINE OFF;
Insert into GOODCHOICE.PAYMENT (PAY_ID,RESERVATION_ID,STATUS,PAY_DATE,PAY_AMOUNT,PAY_METHOD) values (2,'20230918121501J8G1','결제 완료',to_date('23/09/18','RR/MM/DD'),55000,'간편 계좌이체');
Insert into GOODCHOICE.PAYMENT (PAY_ID,RESERVATION_ID,STATUS,PAY_DATE,PAY_AMOUNT,PAY_METHOD) values (3,'2023091908221L4G5S','결제 완료',to_date('23/09/19','RR/MM/DD'),160000,'간편 계좌이체');
Insert into GOODCHOICE.PAYMENT (PAY_ID,RESERVATION_ID,STATUS,PAY_DATE,PAY_AMOUNT,PAY_METHOD) values (4,'2023091912138PFB7U','결제 완료',to_date('23/09/19','RR/MM/DD'),160000,'간편 계좌이체');
REM INSERTING into GOODCHOICE.POINT_DETAIL
SET DEFINE OFF;
Insert into GOODCHOICE.POINT_DETAIL (POINT_LOG_NO,POINT_ID,USEPOINT) values (5,1,100);
Insert into GOODCHOICE.POINT_DETAIL (POINT_LOG_NO,POINT_ID,USEPOINT) values (6,2,200);
Insert into GOODCHOICE.POINT_DETAIL (POINT_LOG_NO,POINT_ID,USEPOINT) values (7,3,300);
Insert into GOODCHOICE.POINT_DETAIL (POINT_LOG_NO,POINT_ID,USEPOINT) values (8,4,400);
REM INSERTING into GOODCHOICE.POINT_HISTORY
SET DEFINE OFF;
Insert into GOODCHOICE.POINT_HISTORY (POINT_ID,USER_ID,ADDPOINT,GUBUN,BALANCE,START_DATE,END_DATE,STATUS) values (1,'jackson47@naver.com',100,'E',0,to_date('23/09/17','RR/MM/DD'),to_date('23/10/17','RR/MM/DD'),1);
Insert into GOODCHOICE.POINT_HISTORY (POINT_ID,USER_ID,ADDPOINT,GUBUN,BALANCE,START_DATE,END_DATE,STATUS) values (2,'jackson47@naver.com',200,'E',0,to_date('23/09/17','RR/MM/DD'),to_date('23/10/17','RR/MM/DD'),1);
Insert into GOODCHOICE.POINT_HISTORY (POINT_ID,USER_ID,ADDPOINT,GUBUN,BALANCE,START_DATE,END_DATE,STATUS) values (3,'jackson47@naver.com',300,'E',0,to_date('23/09/17','RR/MM/DD'),to_date('23/10/17','RR/MM/DD'),1);
Insert into GOODCHOICE.POINT_HISTORY (POINT_ID,USER_ID,ADDPOINT,GUBUN,BALANCE,START_DATE,END_DATE,STATUS) values (4,'jackson47@naver.com',600,'E',200,to_date('23/09/17','RR/MM/DD'),to_date('23/10/17','RR/MM/DD'),0);
REM INSERTING into GOODCHOICE.PUBLIC_FACILITIES
SET DEFINE OFF;
Insert into GOODCHOICE.PUBLIC_FACILITIES (SEQ,ACCOM_ID,FITNESS,SWIMMING_POOL,SAUNA,GOLF_COURSE,RESTAURANT,ELEVATOR,LOUNGE,PUBLIC_PC,BBQ,CAFE,PUBLIC_SPA,FOOT_VOLLEYBALL,SEMINAR_ROOM,CONVENIENCE,KARAOKE,KITCHEN,LAUNDRY,DRYER,DEHYDRATOR,PARKING,COOKING,PUBLIC_SHOWER,HOT_SPRING,SKI_RESORT,MICROWAVE,ELECTRICAL,SINK,STORE) values (1,'G',0,0,0,0,0,0,1,1,1,0,0,0,0,0,1,1,0,1,0,0,0,0,1,0,0,0,null,null);
Insert into GOODCHOICE.PUBLIC_FACILITIES (SEQ,ACCOM_ID,FITNESS,SWIMMING_POOL,SAUNA,GOLF_COURSE,RESTAURANT,ELEVATOR,LOUNGE,PUBLIC_PC,BBQ,CAFE,PUBLIC_SPA,FOOT_VOLLEYBALL,SEMINAR_ROOM,CONVENIENCE,KARAOKE,KITCHEN,LAUNDRY,DRYER,DEHYDRATOR,PARKING,COOKING,PUBLIC_SHOWER,HOT_SPRING,SKI_RESORT,MICROWAVE,ELECTRICAL,SINK,STORE) values (2,'G',0,0,0,0,0,0,1,1,1,0,0,0,0,0,1,1,0,1,0,0,0,0,1,0,0,0,null,null);
Insert into GOODCHOICE.PUBLIC_FACILITIES (SEQ,ACCOM_ID,FITNESS,SWIMMING_POOL,SAUNA,GOLF_COURSE,RESTAURANT,ELEVATOR,LOUNGE,PUBLIC_PC,BBQ,CAFE,PUBLIC_SPA,FOOT_VOLLEYBALL,SEMINAR_ROOM,CONVENIENCE,KARAOKE,KITCHEN,LAUNDRY,DRYER,DEHYDRATOR,PARKING,COOKING,PUBLIC_SHOWER,HOT_SPRING,SKI_RESORT,MICROWAVE,ELECTRICAL,SINK,STORE) values (3,'G',0,0,0,0,0,0,1,1,1,0,0,0,0,0,1,1,0,1,0,0,0,0,1,0,0,0,null,null);
Insert into GOODCHOICE.PUBLIC_FACILITIES (SEQ,ACCOM_ID,FITNESS,SWIMMING_POOL,SAUNA,GOLF_COURSE,RESTAURANT,ELEVATOR,LOUNGE,PUBLIC_PC,BBQ,CAFE,PUBLIC_SPA,FOOT_VOLLEYBALL,SEMINAR_ROOM,CONVENIENCE,KARAOKE,KITCHEN,LAUNDRY,DRYER,DEHYDRATOR,PARKING,COOKING,PUBLIC_SHOWER,HOT_SPRING,SKI_RESORT,MICROWAVE,ELECTRICAL,SINK,STORE) values (4,'G',0,0,0,0,0,0,1,1,1,0,0,0,0,0,1,1,0,1,0,0,0,0,1,0,0,0,null,null);
Insert into GOODCHOICE.PUBLIC_FACILITIES (SEQ,ACCOM_ID,FITNESS,SWIMMING_POOL,SAUNA,GOLF_COURSE,RESTAURANT,ELEVATOR,LOUNGE,PUBLIC_PC,BBQ,CAFE,PUBLIC_SPA,FOOT_VOLLEYBALL,SEMINAR_ROOM,CONVENIENCE,KARAOKE,KITCHEN,LAUNDRY,DRYER,DEHYDRATOR,PARKING,COOKING,PUBLIC_SHOWER,HOT_SPRING,SKI_RESORT,MICROWAVE,ELECTRICAL,SINK,STORE) values (5,'G',0,0,0,0,0,0,1,1,1,0,0,0,0,0,1,1,0,1,0,0,0,0,1,0,0,0,null,null);
Insert into GOODCHOICE.PUBLIC_FACILITIES (SEQ,ACCOM_ID,FITNESS,SWIMMING_POOL,SAUNA,GOLF_COURSE,RESTAURANT,ELEVATOR,LOUNGE,PUBLIC_PC,BBQ,CAFE,PUBLIC_SPA,FOOT_VOLLEYBALL,SEMINAR_ROOM,CONVENIENCE,KARAOKE,KITCHEN,LAUNDRY,DRYER,DEHYDRATOR,PARKING,COOKING,PUBLIC_SHOWER,HOT_SPRING,SKI_RESORT,MICROWAVE,ELECTRICAL,SINK,STORE) values (6,'H',1,1,0,0,0,1,0,0,0,0,0,0,0,0,1,0,0,1,0,0,0,0,0,1,0,0,null,null);
Insert into GOODCHOICE.PUBLIC_FACILITIES (SEQ,ACCOM_ID,FITNESS,SWIMMING_POOL,SAUNA,GOLF_COURSE,RESTAURANT,ELEVATOR,LOUNGE,PUBLIC_PC,BBQ,CAFE,PUBLIC_SPA,FOOT_VOLLEYBALL,SEMINAR_ROOM,CONVENIENCE,KARAOKE,KITCHEN,LAUNDRY,DRYER,DEHYDRATOR,PARKING,COOKING,PUBLIC_SHOWER,HOT_SPRING,SKI_RESORT,MICROWAVE,ELECTRICAL,SINK,STORE) values (7,'H',1,0,0,0,0,1,1,0,0,0,0,0,1,0,1,1,0,1,0,0,0,0,0,1,0,0,null,null);
Insert into GOODCHOICE.PUBLIC_FACILITIES (SEQ,ACCOM_ID,FITNESS,SWIMMING_POOL,SAUNA,GOLF_COURSE,RESTAURANT,ELEVATOR,LOUNGE,PUBLIC_PC,BBQ,CAFE,PUBLIC_SPA,FOOT_VOLLEYBALL,SEMINAR_ROOM,CONVENIENCE,KARAOKE,KITCHEN,LAUNDRY,DRYER,DEHYDRATOR,PARKING,COOKING,PUBLIC_SHOWER,HOT_SPRING,SKI_RESORT,MICROWAVE,ELECTRICAL,SINK,STORE) values (8,'H',1,1,0,0,0,1,1,0,0,0,0,0,1,0,1,0,0,1,0,0,0,0,0,1,0,0,null,null);
Insert into GOODCHOICE.PUBLIC_FACILITIES (SEQ,ACCOM_ID,FITNESS,SWIMMING_POOL,SAUNA,GOLF_COURSE,RESTAURANT,ELEVATOR,LOUNGE,PUBLIC_PC,BBQ,CAFE,PUBLIC_SPA,FOOT_VOLLEYBALL,SEMINAR_ROOM,CONVENIENCE,KARAOKE,KITCHEN,LAUNDRY,DRYER,DEHYDRATOR,PARKING,COOKING,PUBLIC_SHOWER,HOT_SPRING,SKI_RESORT,MICROWAVE,ELECTRICAL,SINK,STORE) values (9,'H',1,1,0,0,0,1,1,0,0,0,0,0,1,0,1,1,0,1,0,0,0,0,0,1,0,0,null,null);
Insert into GOODCHOICE.PUBLIC_FACILITIES (SEQ,ACCOM_ID,FITNESS,SWIMMING_POOL,SAUNA,GOLF_COURSE,RESTAURANT,ELEVATOR,LOUNGE,PUBLIC_PC,BBQ,CAFE,PUBLIC_SPA,FOOT_VOLLEYBALL,SEMINAR_ROOM,CONVENIENCE,KARAOKE,KITCHEN,LAUNDRY,DRYER,DEHYDRATOR,PARKING,COOKING,PUBLIC_SHOWER,HOT_SPRING,SKI_RESORT,MICROWAVE,ELECTRICAL,SINK,STORE) values (10,'H',1,1,0,1,0,1,1,0,0,0,0,0,0,0,1,0,0,1,0,0,0,0,0,1,0,0,null,null);
Insert into GOODCHOICE.PUBLIC_FACILITIES (SEQ,ACCOM_ID,FITNESS,SWIMMING_POOL,SAUNA,GOLF_COURSE,RESTAURANT,ELEVATOR,LOUNGE,PUBLIC_PC,BBQ,CAFE,PUBLIC_SPA,FOOT_VOLLEYBALL,SEMINAR_ROOM,CONVENIENCE,KARAOKE,KITCHEN,LAUNDRY,DRYER,DEHYDRATOR,PARKING,COOKING,PUBLIC_SHOWER,HOT_SPRING,SKI_RESORT,MICROWAVE,ELECTRICAL,SINK,STORE) values (11,'H',1,1,1,0,1,1,1,0,0,0,0,0,0,0,0,0,0,1,1,0,0,0,0,1,0,0,null,null);
Insert into GOODCHOICE.PUBLIC_FACILITIES (SEQ,ACCOM_ID,FITNESS,SWIMMING_POOL,SAUNA,GOLF_COURSE,RESTAURANT,ELEVATOR,LOUNGE,PUBLIC_PC,BBQ,CAFE,PUBLIC_SPA,FOOT_VOLLEYBALL,SEMINAR_ROOM,CONVENIENCE,KARAOKE,KITCHEN,LAUNDRY,DRYER,DEHYDRATOR,PARKING,COOKING,PUBLIC_SHOWER,HOT_SPRING,SKI_RESORT,MICROWAVE,ELECTRICAL,SINK,STORE) values (12,'P',0,0,0,0,0,0,0,0,1,0,0,0,0,0,0,0,0,1,1,0,0,0,1,0,0,0,null,null);
Insert into GOODCHOICE.PUBLIC_FACILITIES (SEQ,ACCOM_ID,FITNESS,SWIMMING_POOL,SAUNA,GOLF_COURSE,RESTAURANT,ELEVATOR,LOUNGE,PUBLIC_PC,BBQ,CAFE,PUBLIC_SPA,FOOT_VOLLEYBALL,SEMINAR_ROOM,CONVENIENCE,KARAOKE,KITCHEN,LAUNDRY,DRYER,DEHYDRATOR,PARKING,COOKING,PUBLIC_SHOWER,HOT_SPRING,SKI_RESORT,MICROWAVE,ELECTRICAL,SINK,STORE) values (13,'P',0,0,0,0,0,0,0,0,1,0,0,0,0,0,0,0,0,1,1,0,0,0,1,0,0,0,null,null);
Insert into GOODCHOICE.PUBLIC_FACILITIES (SEQ,ACCOM_ID,FITNESS,SWIMMING_POOL,SAUNA,GOLF_COURSE,RESTAURANT,ELEVATOR,LOUNGE,PUBLIC_PC,BBQ,CAFE,PUBLIC_SPA,FOOT_VOLLEYBALL,SEMINAR_ROOM,CONVENIENCE,KARAOKE,KITCHEN,LAUNDRY,DRYER,DEHYDRATOR,PARKING,COOKING,PUBLIC_SHOWER,HOT_SPRING,SKI_RESORT,MICROWAVE,ELECTRICAL,SINK,STORE) values (14,'P',0,0,0,0,0,0,0,0,1,0,0,0,0,0,0,0,0,1,1,0,0,0,1,0,0,0,null,null);
Insert into GOODCHOICE.PUBLIC_FACILITIES (SEQ,ACCOM_ID,FITNESS,SWIMMING_POOL,SAUNA,GOLF_COURSE,RESTAURANT,ELEVATOR,LOUNGE,PUBLIC_PC,BBQ,CAFE,PUBLIC_SPA,FOOT_VOLLEYBALL,SEMINAR_ROOM,CONVENIENCE,KARAOKE,KITCHEN,LAUNDRY,DRYER,DEHYDRATOR,PARKING,COOKING,PUBLIC_SHOWER,HOT_SPRING,SKI_RESORT,MICROWAVE,ELECTRICAL,SINK,STORE) values (15,'P',0,0,0,0,0,0,0,0,1,0,0,0,0,0,0,1,0,1,1,0,0,0,1,0,0,0,null,null);
Insert into GOODCHOICE.PUBLIC_FACILITIES (SEQ,ACCOM_ID,FITNESS,SWIMMING_POOL,SAUNA,GOLF_COURSE,RESTAURANT,ELEVATOR,LOUNGE,PUBLIC_PC,BBQ,CAFE,PUBLIC_SPA,FOOT_VOLLEYBALL,SEMINAR_ROOM,CONVENIENCE,KARAOKE,KITCHEN,LAUNDRY,DRYER,DEHYDRATOR,PARKING,COOKING,PUBLIC_SHOWER,HOT_SPRING,SKI_RESORT,MICROWAVE,ELECTRICAL,SINK,STORE) values (16,'P',0,0,0,0,0,0,0,0,1,0,0,1,0,0,0,0,0,1,1,0,0,0,0,0,0,0,null,null);
Insert into GOODCHOICE.PUBLIC_FACILITIES (SEQ,ACCOM_ID,FITNESS,SWIMMING_POOL,SAUNA,GOLF_COURSE,RESTAURANT,ELEVATOR,LOUNGE,PUBLIC_PC,BBQ,CAFE,PUBLIC_SPA,FOOT_VOLLEYBALL,SEMINAR_ROOM,CONVENIENCE,KARAOKE,KITCHEN,LAUNDRY,DRYER,DEHYDRATOR,PARKING,COOKING,PUBLIC_SHOWER,HOT_SPRING,SKI_RESORT,MICROWAVE,ELECTRICAL,SINK,STORE) values (17,'C',0,0,0,0,0,0,0,0,1,0,0,0,0,0,0,0,0,1,1,1,0,0,0,0,0,0,null,null);
Insert into GOODCHOICE.PUBLIC_FACILITIES (SEQ,ACCOM_ID,FITNESS,SWIMMING_POOL,SAUNA,GOLF_COURSE,RESTAURANT,ELEVATOR,LOUNGE,PUBLIC_PC,BBQ,CAFE,PUBLIC_SPA,FOOT_VOLLEYBALL,SEMINAR_ROOM,CONVENIENCE,KARAOKE,KITCHEN,LAUNDRY,DRYER,DEHYDRATOR,PARKING,COOKING,PUBLIC_SHOWER,HOT_SPRING,SKI_RESORT,MICROWAVE,ELECTRICAL,SINK,STORE) values (18,'C',0,0,0,0,0,0,1,0,0,0,0,0,1,0,1,1,0,1,0,0,0,0,0,1,0,0,null,null);
Insert into GOODCHOICE.PUBLIC_FACILITIES (SEQ,ACCOM_ID,FITNESS,SWIMMING_POOL,SAUNA,GOLF_COURSE,RESTAURANT,ELEVATOR,LOUNGE,PUBLIC_PC,BBQ,CAFE,PUBLIC_SPA,FOOT_VOLLEYBALL,SEMINAR_ROOM,CONVENIENCE,KARAOKE,KITCHEN,LAUNDRY,DRYER,DEHYDRATOR,PARKING,COOKING,PUBLIC_SHOWER,HOT_SPRING,SKI_RESORT,MICROWAVE,ELECTRICAL,SINK,STORE) values (19,'C',0,1,0,0,0,0,1,0,0,0,0,0,1,0,1,0,0,1,0,0,0,0,0,1,0,0,null,null);
Insert into GOODCHOICE.PUBLIC_FACILITIES (SEQ,ACCOM_ID,FITNESS,SWIMMING_POOL,SAUNA,GOLF_COURSE,RESTAURANT,ELEVATOR,LOUNGE,PUBLIC_PC,BBQ,CAFE,PUBLIC_SPA,FOOT_VOLLEYBALL,SEMINAR_ROOM,CONVENIENCE,KARAOKE,KITCHEN,LAUNDRY,DRYER,DEHYDRATOR,PARKING,COOKING,PUBLIC_SHOWER,HOT_SPRING,SKI_RESORT,MICROWAVE,ELECTRICAL,SINK,STORE) values (20,'C',0,1,0,0,0,0,1,0,0,0,0,0,1,0,1,0,0,1,0,0,0,0,0,0,0,0,null,null);
Insert into GOODCHOICE.PUBLIC_FACILITIES (SEQ,ACCOM_ID,FITNESS,SWIMMING_POOL,SAUNA,GOLF_COURSE,RESTAURANT,ELEVATOR,LOUNGE,PUBLIC_PC,BBQ,CAFE,PUBLIC_SPA,FOOT_VOLLEYBALL,SEMINAR_ROOM,CONVENIENCE,KARAOKE,KITCHEN,LAUNDRY,DRYER,DEHYDRATOR,PARKING,COOKING,PUBLIC_SHOWER,HOT_SPRING,SKI_RESORT,MICROWAVE,ELECTRICAL,SINK,STORE) values (21,'C',0,1,0,0,0,0,1,0,0,0,0,0,0,0,1,0,0,1,0,0,0,0,0,1,1,0,null,null);
Insert into GOODCHOICE.PUBLIC_FACILITIES (SEQ,ACCOM_ID,FITNESS,SWIMMING_POOL,SAUNA,GOLF_COURSE,RESTAURANT,ELEVATOR,LOUNGE,PUBLIC_PC,BBQ,CAFE,PUBLIC_SPA,FOOT_VOLLEYBALL,SEMINAR_ROOM,CONVENIENCE,KARAOKE,KITCHEN,LAUNDRY,DRYER,DEHYDRATOR,PARKING,COOKING,PUBLIC_SHOWER,HOT_SPRING,SKI_RESORT,MICROWAVE,ELECTRICAL,SINK,STORE) values (22,'C',0,0,0,0,0,0,0,0,1,0,0,0,0,0,0,0,0,1,1,1,0,0,0,0,1,0,null,null);
REM INSERTING into GOODCHOICE.RESERVATION
SET DEFINE OFF;
Insert into GOODCHOICE.RESERVATION (RESERVATION_ID,USER_ID,ROOM_ID,RESERVATION_DATE,STATUS,START_DATE,END_DATE) values ('2023091908221L4G5S','jackson47@naver.com',1,to_date('23/09/19','RR/MM/DD'),'예약 완료',to_date('23/10/01','RR/MM/DD'),to_date('23/10/02','RR/MM/DD'));
Insert into GOODCHOICE.RESERVATION (RESERVATION_ID,USER_ID,ROOM_ID,RESERVATION_DATE,STATUS,START_DATE,END_DATE) values ('20230918121501J8G1','jackson47@naver.com',89,to_date('23/09/18','RR/MM/DD'),'예약 완료',to_date('23/09/20','RR/MM/DD'),to_date('23/09/21','RR/MM/DD'));
Insert into GOODCHOICE.RESERVATION (RESERVATION_ID,USER_ID,ROOM_ID,RESERVATION_DATE,STATUS,START_DATE,END_DATE) values ('2023091912138PFB7U','jackson47@naver.com',1,to_date('23/09/19','RR/MM/DD'),'예약 완료',to_date('23/09/20','RR/MM/DD'),to_date('23/09/21','RR/MM/DD'));
REM INSERTING into GOODCHOICE.RESERVATION_OPTION
SET DEFINE OFF;
Insert into GOODCHOICE.RESERVATION_OPTION (SEQ,ACCOM_ID,RESERVATION,PROMOTION) values (1,'G',1,0);
Insert into GOODCHOICE.RESERVATION_OPTION (SEQ,ACCOM_ID,RESERVATION,PROMOTION) values (2,'G',1,0);
Insert into GOODCHOICE.RESERVATION_OPTION (SEQ,ACCOM_ID,RESERVATION,PROMOTION) values (3,'G',1,0);
Insert into GOODCHOICE.RESERVATION_OPTION (SEQ,ACCOM_ID,RESERVATION,PROMOTION) values (4,'G',1,0);
Insert into GOODCHOICE.RESERVATION_OPTION (SEQ,ACCOM_ID,RESERVATION,PROMOTION) values (5,'G',1,0);
Insert into GOODCHOICE.RESERVATION_OPTION (SEQ,ACCOM_ID,RESERVATION,PROMOTION) values (6,'H',1,1);
Insert into GOODCHOICE.RESERVATION_OPTION (SEQ,ACCOM_ID,RESERVATION,PROMOTION) values (7,'H',1,1);
Insert into GOODCHOICE.RESERVATION_OPTION (SEQ,ACCOM_ID,RESERVATION,PROMOTION) values (8,'H',1,1);
Insert into GOODCHOICE.RESERVATION_OPTION (SEQ,ACCOM_ID,RESERVATION,PROMOTION) values (9,'H',1,1);
Insert into GOODCHOICE.RESERVATION_OPTION (SEQ,ACCOM_ID,RESERVATION,PROMOTION) values (10,'H',1,1);
Insert into GOODCHOICE.RESERVATION_OPTION (SEQ,ACCOM_ID,RESERVATION,PROMOTION) values (11,'H',1,1);
Insert into GOODCHOICE.RESERVATION_OPTION (SEQ,ACCOM_ID,RESERVATION,PROMOTION) values (12,'P',1,0);
Insert into GOODCHOICE.RESERVATION_OPTION (SEQ,ACCOM_ID,RESERVATION,PROMOTION) values (13,'P',1,0);
Insert into GOODCHOICE.RESERVATION_OPTION (SEQ,ACCOM_ID,RESERVATION,PROMOTION) values (14,'P',1,0);
Insert into GOODCHOICE.RESERVATION_OPTION (SEQ,ACCOM_ID,RESERVATION,PROMOTION) values (15,'P',1,0);
Insert into GOODCHOICE.RESERVATION_OPTION (SEQ,ACCOM_ID,RESERVATION,PROMOTION) values (16,'P',1,0);
Insert into GOODCHOICE.RESERVATION_OPTION (SEQ,ACCOM_ID,RESERVATION,PROMOTION) values (17,'C',1,0);
Insert into GOODCHOICE.RESERVATION_OPTION (SEQ,ACCOM_ID,RESERVATION,PROMOTION) values (18,'C',1,0);
Insert into GOODCHOICE.RESERVATION_OPTION (SEQ,ACCOM_ID,RESERVATION,PROMOTION) values (19,'C',1,0);
Insert into GOODCHOICE.RESERVATION_OPTION (SEQ,ACCOM_ID,RESERVATION,PROMOTION) values (20,'C',1,0);
Insert into GOODCHOICE.RESERVATION_OPTION (SEQ,ACCOM_ID,RESERVATION,PROMOTION) values (21,'C',1,0);
Insert into GOODCHOICE.RESERVATION_OPTION (SEQ,ACCOM_ID,RESERVATION,PROMOTION) values (22,'C',1,0);
REM INSERTING into GOODCHOICE.REVIEW
SET DEFINE OFF;
Insert into GOODCHOICE.REVIEW (REVIEW_ID,USER_ID,ROOM_ID,CREATED_AT,RATING,CONTENT,FILE_URL) values (1,'jackson47@naver.com',1,to_date('23/09/13','RR/MM/DD'),10,'너무 깨끗하고 사장님 너무 친절하세요
리뷰에 수영장물에 벌레 떠다닌다는걸 봐서 조금 걱정했는데 머리카락하나 없이 물 수영장 물 너무너무 깨끗했습니다.
깊이도 조금 있어서 성인여자 4명이서 놀기에 딱 좋았어요.
와인은 무료로 주셨는데 넘나 감동.. 4성급 호텔 온 느낌이였어용
숙소 진짜 너무 좋아요 진짜 짱짱','https://image.goodchoice.kr/talk/epilogue/9209622/64fe7f2713596.jpg');
Insert into GOODCHOICE.REVIEW (REVIEW_ID,USER_ID,ROOM_ID,CREATED_AT,RATING,CONTENT,FILE_URL) values (2,'alicia_walker82@naver.com',2,to_date('23/09/11','RR/MM/DD'),10,'여기 기념일에 오게됐는데 너무 대접받는 분위기라서 좋았어여 제 이름 써주시고 와인도 주셔서 너무 분위기 내는데 좋았습니다 그리고 사장님도 엄청 친절하게 대해주시고 더군다나 숙소가 산에있어서 진짜 조용하고 차 소리도 안들려서 완전 힐링하고 푹잤네여 바베큐 숯도 넉넉하게 주셔서 고기 구워먹는데 부족함 없었고요 바베큐 통이 그냥 펜션보다 고급이여서 구워먹기 편했네요 그리고 수영장이 개별 수영장이라서 진짜 넓고 물도 깨끗하고 은근 미온수여서 부담없이 놀았내여 진짜 다음에 또 올 확률있을거같네여!!! 대박이에여 다들 오세요ㅠㅠ!','https://image.goodchoice.kr/talk/epilogue/9202217/64fc3f6991f8d.jpg
https://image.goodchoice.kr/talk/epilogue/9202217/64fc3f66560ab.jpg');
Insert into GOODCHOICE.REVIEW (REVIEW_ID,USER_ID,ROOM_ID,CREATED_AT,RATING,CONTENT,FILE_URL) values (3,'brianne.greenwood@naver.com',3,to_date('23/09/09','RR/MM/DD'),10,'토수아 101호 1박2일로 9월 2일 주말에 다녀왔어요 맨 앞동이라 앞이 막히지 않고 트인 전망이 좋았고 수영장 수심이 120이고 길이가 길어서 아이들이 수영하고 노는데 흐믓했습니다. 바베큐 불 피우는것도 전화로 요청 드렸는데 바로 와서 해주시고 수건도 많이 갖다 주셨어요 내년에도 또 이용할 생각 있습니다.ㅎ','https://image.goodchoice.kr/talk/epilogue/9199323/64fb2490e7489.jpg
 https://image.goodchoice.kr/talk/epilogue/9199323/64fb24942d4fa.jpg');
Insert into GOODCHOICE.REVIEW (REVIEW_ID,USER_ID,ROOM_ID,CREATED_AT,RATING,CONTENT,FILE_URL) values (4,'daniel.martinez91@naver.com',106,to_date('23/08/09','RR/MM/DD'),9.3,'아들셋(중,고,대)+부부+시어머니 조합이였구요.
아이들이 물을 엄청 좋아해서 수영장 크기에 압도되어 예약했어요.
사장님 듣던대로 유쾌하시고 친절하셔서 체크인부터 체크아웃까지 편안하게 안내해주셨어요.
객실이 개별적이라 남눈치 안보고 즐겁게 지냈답니다.
객실 컨디션은 후기보고 조금 걱정했는데, 청소 상태 좋았고, 복층 스파도 깨끗해서 잘 사용했습니다.
단지 시스템 에어콘 필터가 조금 더러웠어요.
아마 사장님이 후기 보심 틀림없이 신경써서 준비해주실꺼에요.
주방쪽 식기나 냄비도 구색이 잘 맞춰져 있고, 깔끔한 도자기 그릇이라 위생적이였구요, 정수기가 있어 무겁게 생수 준비안하셔도 돼요. (어린 아이 있으신분 강추요~)
수영장 물 깊이는 어른 기준 가슴정도라 시시하지 않게 잘 놀았고, 대형 튜브 한개 있어요. 수영장 컨디션은 정말 깨끗해서 2박3일 노는동안 저희도 깔끔하게 쓰려고 애썼어요.
펜션 입구쪽은 외길이라 천천히 운전해서 가시면 별 어려움은 없어요.
3일동안 다른곳 놀러안가고 펜션안에서만 지냈는데 사춘기 아이들 만족도가 아주 커서 다음에도 재방문하려구요~','https://image.goodchoice.kr/talk/epilogue/9082493/64d5e374ab75f.jpg

https://image.goodchoice.kr/talk/epilogue/9082493/64d5e377bb267.jpg');
Insert into GOODCHOICE.REVIEW (REVIEW_ID,USER_ID,ROOM_ID,CREATED_AT,RATING,CONTENT,FILE_URL) values (5,'kate.harrison@naver.com',107,to_date('23/07/05','RR/MM/DD'),10,'시설도 깨끗하고 가족끼리 편하게 쉬다 왔습니다.',null);
Insert into GOODCHOICE.REVIEW (REVIEW_ID,USER_ID,ROOM_ID,CREATED_AT,RATING,CONTENT,FILE_URL) values (6,'jackson47@naver.com',108,to_date('23/06/14','RR/MM/DD'),10,'시설도 깨끗하고 침구류도 깨끗하고 너무 좋아요! 환영한다고 와인도 한병 준비해 주시고 좋습니다!! 산속이라 그런지 벌레들이 좀있기는 한데 그래도 전기파리채 홈키파가 잘 구비되어있어서 크게 문제되지는 않았어요 건물들이 붙어있기는 하지만 커튼이 많이 달려있어서 프라이빗하고 좋습니다! 동네 개가 돌아다니기는하는데 개가 짓지도않고 물지도않고 아주 귀엽네요 ㅎㅎ 다음에 또 이용할게요!!','https://image.goodchoice.kr/talk/epilogue/8821009/6482668cc05ae.jpg');
Insert into GOODCHOICE.REVIEW (REVIEW_ID,USER_ID,ROOM_ID,CREATED_AT,RATING,CONTENT,FILE_URL) values (7,'alicia_walker82@naver.com',62,to_date('23/07/21','RR/MM/DD'),10,'남친생일이벤트로 다녀왔는데 남친이 너무너무 좋아했어요^^
히노끼탕 정말최고 숙소 깨끗하고 창문열어두면 계곡소리 들려서 지대루 힐링하구왔어요.
사장님도 완전친절하셔서 너무너무 편하고 즐겁게 지내고왔어요.
숙소 주변에 편의시설이 없어요. 날더워서 도착해서 맥주마시면 못나가니까 장은 최대한 미리다보고 들어가세요','https://image.goodchoice.kr/talk/epilogue/8962606/64b0fc360c550.jpg
https://image.goodchoice.kr/talk/epilogue/8962606/64b0fc378b1bd.jpg');
Insert into GOODCHOICE.REVIEW (REVIEW_ID,USER_ID,ROOM_ID,CREATED_AT,RATING,CONTENT,FILE_URL) values (8,'brianne.greenwood@naver.com',63,to_date('23/07/24','RR/MM/DD'),7,'잘쉬다가요! 시설도깨끗하고 수영장 자쿠지 너무좋았습니다!','https://image.goodchoice.kr/talk/epilogue/8907459/649f7cf7b574d.jpg
https://image.goodchoice.kr/talk/epilogue/8907459/649f7cf939711.jpg');
Insert into GOODCHOICE.REVIEW (REVIEW_ID,USER_ID,ROOM_ID,CREATED_AT,RATING,CONTENT,FILE_URL) values (9,'daniel.martinez91@naver.com',64,to_date('23/05/25','RR/MM/DD'),10,'좋은거 같아요 ㅎㅎ 편백향도 꽤 나요','https://image.goodchoice.kr/talk/epilogue/8727226/6461caf620cd7.jpg');
Insert into GOODCHOICE.REVIEW (REVIEW_ID,USER_ID,ROOM_ID,CREATED_AT,RATING,CONTENT,FILE_URL) values (10,'kate.harrison@naver.com',65,to_date('23/04/18','RR/MM/DD'),10,'?재방문?
지난 겨울에 남편과 왔다가 100프로 만족하고
이번엔 동생들과 재방문 했습니다.

하노끼탕은 역시나 최고네요.
하노끼탕 + 푹신한 침구로 꿀잠을 선물해주는 최고의 숙소입니다.

이쁘고 프라이빗한 바베큐장소도 넘 좋아요?

특히, 아침에 조식으로 주시는 베이글과 커피는 문득문득 생각나요!!

아!!! 직원분들은 당연지사 친절하구요~!!!
재재방문의사도 100프로 입니다^^','https://image.goodchoice.kr/talk/epilogue/8490281/640c90bfa70f0.jpg
https://image.goodchoice.kr/talk/epilogue/8490281/640c90c2be327.jpg
https://image.goodchoice.kr/talk/epilogue/8490281/640c90c75c3f1.jpg');
Insert into GOODCHOICE.REVIEW (REVIEW_ID,USER_ID,ROOM_ID,CREATED_AT,RATING,CONTENT,FILE_URL) values (11,'jackson47@naver.com',66,to_date('23/01/11','RR/MM/DD'),10,'가까운 곳으로 여행 갈 곳 찾다가 예약했는데
숙소 너무 좋아요!ㅎㅎ
엄청 깔끔하고 아늑하고 신경쓰신게 느껴지더라구용!
정말 감성감성한 감성숙소예요ㅎㅎ
히노끼탕도 너무 좋았고 바베큐장도 넘 잘 이용했어요!
그다음 날 주신 조식 베이글도 맛있게 잘 먹었는데
호텔은 또 가고 싶다 생각해도 펜션은 또 가고 싶다고
느낀 적은 한 번도 없었는데 다가섬은 또 가고싶어요~!
다음에도 또 갈려구용?사장님도 너무 친절하시구
숙소가 너무 좋아서 잘 쉬다 와서 좋았습니다ㅎㅎ','https://image.goodchoice.kr/talk/epilogue/7934300/6347f075ef74a.jpg
https://image.goodchoice.kr/talk/epilogue/7934300/6347f07601c98.jpg
https://image.goodchoice.kr/talk/epilogue/7934300/6347f07607d8e.jpg');
Insert into GOODCHOICE.REVIEW (REVIEW_ID,USER_ID,ROOM_ID,CREATED_AT,RATING,CONTENT,FILE_URL) values (12,'alicia_walker82@naver.com',33,to_date('22/09/19','RR/MM/DD'),10,'너무 깔끔하고 이뻤어요.
불멍화로에 히노끼탕까지 모두가 원하는게 다 있어서 너무 좋았습니다.
밤에 침대에서 보이는 가로창으로 달과별이 보여서 너무 좋았어요.
숙소콕해서 즐기실분 추천이요.','https://image.goodchoice.kr/talk/epilogue/7141582/622563bbba254.jpg');
Insert into GOODCHOICE.REVIEW (REVIEW_ID,USER_ID,ROOM_ID,CREATED_AT,RATING,CONTENT,FILE_URL) values (13,'brianne.greenwood@naver.com',34,to_date('23/09/01','RR/MM/DD'),10,'강아지두마리
부모님 모시고 힐링여행 다녀왔네요
친절하시고 따뜻한 사장님 부부덕분에 싱싱하고 좋은 야채들과 김치 너무 맛있게 잘먹었습니다 :)
깔끔 쾌적한 펜션에 관리잘된 잔디까지? 싱그럽고 예뻣어요 !! 따뜻한 온수도 너무 잘나왔구 에어컨도 빵빵해서 추었네영 ㅎㅎㅎ또 놀러가고 싶구 주변지인한테더 추천하는 펜션맛집1위에여!!','https://image.goodchoice.kr/talk/epilogue/9160974/64edeac727986.jpg
https://image.goodchoice.kr/talk/epilogue/9160974/64edeaca68d9e.jpg');
Insert into GOODCHOICE.REVIEW (REVIEW_ID,USER_ID,ROOM_ID,CREATED_AT,RATING,CONTENT,FILE_URL) values (14,'daniel.martinez91@naver.com',35,to_date('23/08/05','RR/MM/DD'),10,'모처럼만에 편안하고 깨끗한 숙소였습니다
몇분만 나가면 물놀이 할 수 있는 계곡물도 흐르고
숙소 바로앞엔 정원처럼 예쁘게 꾸며진 잔디밭도 있어요
너무 잘쉬었습니다
다음에 또 방문하고싶습니다^^','https://image.goodchoice.kr/talk/epilogue/9090027/64d87ae4dfe61.jpg');
Insert into GOODCHOICE.REVIEW (REVIEW_ID,USER_ID,ROOM_ID,CREATED_AT,RATING,CONTENT,FILE_URL) values (15,'kate.harrison@naver.com',36,to_date('23/08/28','RR/MM/DD'),10,'엄마랑 조카랑 강쥐랑 너무 편하게 잘 쉬다 왔습니다
리뷰와 똑같이 조용하고 깨끗하고 특히 사장님께서 세심하게 신경써주셔서 감사합니다 ~*^*
직접키우신 상추,고추,깻잎, 묵은김치가 너무 맛있어서~등갈비김치찜 맛있게 해먹었습니다 ㅎㅎ
다음엔 비 안오는날 가서 고기 구워먹어야 겠어요~^^
사장님 늘 건강하게 번창하세요~^^',null);
Insert into GOODCHOICE.REVIEW (REVIEW_ID,USER_ID,ROOM_ID,CREATED_AT,RATING,CONTENT,FILE_URL) values (16,'jackson47@naver.com',18,to_date('23/07/08','RR/MM/DD'),10,'만족합니다 사장님도친절하시고 좋았어요',null);
Insert into GOODCHOICE.REVIEW (REVIEW_ID,USER_ID,ROOM_ID,CREATED_AT,RATING,CONTENT,FILE_URL) values (17,'alicia_walker82@naver.com',19,to_date('23/05/12','RR/MM/DD'),10,'관리인분들도 친절하고 너무좋앗습니다','https://image.goodchoice.kr/talk/epilogue/8799663/647bf6bf1f399.jpg');
Insert into GOODCHOICE.REVIEW (REVIEW_ID,USER_ID,ROOM_ID,CREATED_AT,RATING,CONTENT,FILE_URL) values (18,'brianne.greenwood@naver.com',20,to_date('23/03/15','RR/MM/DD'),10,'객실 사진을 못찍었는데 복층이라 그런지 정말 넓어요!!!! 객실도, 침구도 깨끗하고 바닥난방도 잘되어서 밤에도 춥지 않게 잘 잤습니다??
물품도 부족하지 않게 잘 구비되어있어 편했구요
객실밖에 평상이나 잔디도 잘되어있어 아이들과 밖에서 놀기도 좋았어요~
여름에 놀러가면 꼭 다시 여기서 묵을 예정입니다!! ^-^
사장님 친절하시고 좋아요 덕분에 잘 놀고 왔습니다
감사합니다??',null);
Insert into GOODCHOICE.REVIEW (REVIEW_ID,USER_ID,ROOM_ID,CREATED_AT,RATING,CONTENT,FILE_URL) values (19,'jackson47@naver.com',21,to_date('23/09/18','RR/MM/DD'),10,'만족만족대만족',null);
REM INSERTING into GOODCHOICE.ROOM
SET DEFINE OFF;
Insert into GOODCHOICE.ROOM (ROOM_ID,SEQ,ACCOM_ID,ROOM_NAME,PRICE,CAPACITY,TYPE) values (1,8,'H',' 스탠다드 트윈',169000,3,'숙박');
Insert into GOODCHOICE.ROOM (ROOM_ID,SEQ,ACCOM_ID,ROOM_NAME,PRICE,CAPACITY,TYPE) values (2,9,'H','디럭스 트윈',173000,3,'숙박');
Insert into GOODCHOICE.ROOM (ROOM_ID,SEQ,ACCOM_ID,ROOM_NAME,PRICE,CAPACITY,TYPE) values (3,11,'H','컴포트레저',276100,3,'숙박');
Insert into GOODCHOICE.ROOM (ROOM_ID,SEQ,ACCOM_ID,ROOM_NAME,PRICE,CAPACITY,TYPE) values (4,10,'H','디럭스',267850,3,'숙박');
Insert into GOODCHOICE.ROOM (ROOM_ID,SEQ,ACCOM_ID,ROOM_NAME,PRICE,CAPACITY,TYPE) values (5,6,'H','스탠다드',214500,3,'숙박');
Insert into GOODCHOICE.ROOM (ROOM_ID,SEQ,ACCOM_ID,ROOM_NAME,PRICE,CAPACITY,TYPE) values (6,6,'H','럭셔리 스위트',529000,3,'숙박');
Insert into GOODCHOICE.ROOM (ROOM_ID,SEQ,ACCOM_ID,ROOM_NAME,PRICE,CAPACITY,TYPE) values (7,6,'H','디럭스',317900,3,'숙박');
Insert into GOODCHOICE.ROOM (ROOM_ID,SEQ,ACCOM_ID,ROOM_NAME,PRICE,CAPACITY,TYPE) values (8,6,'H','프레덴셜 스위트 ',2200000,4,'숙박');
Insert into GOODCHOICE.ROOM (ROOM_ID,SEQ,ACCOM_ID,ROOM_NAME,PRICE,CAPACITY,TYPE) values (9,6,'H','마스터키 ',605000,3,'숙박');
Insert into GOODCHOICE.ROOM (ROOM_ID,SEQ,ACCOM_ID,ROOM_NAME,PRICE,CAPACITY,TYPE) values (10,6,'H','그랜드 마스터스',880000,3,'숙박');
Insert into GOODCHOICE.ROOM (ROOM_ID,SEQ,ACCOM_ID,ROOM_NAME,PRICE,CAPACITY,TYPE) values (11,6,'H',' 그랜드 마스터스 스위트 킹베드',1315600,4,'숙박');
Insert into GOODCHOICE.ROOM (ROOM_ID,SEQ,ACCOM_ID,ROOM_NAME,PRICE,CAPACITY,TYPE) values (12,7,'H','스튜디오슈페리어(더블)',432184,3,'숙박');
Insert into GOODCHOICE.ROOM (ROOM_ID,SEQ,ACCOM_ID,ROOM_NAME,PRICE,CAPACITY,TYPE) values (13,7,'H','스튜디오슈페리어(더블)',506069,3,'숙박');
Insert into GOODCHOICE.ROOM (ROOM_ID,SEQ,ACCOM_ID,ROOM_NAME,PRICE,CAPACITY,TYPE) values (14,7,'H','2 베드륨 슈페리어',620000,3,'숙박');
Insert into GOODCHOICE.ROOM (ROOM_ID,SEQ,ACCOM_ID,ROOM_NAME,PRICE,CAPACITY,TYPE) values (15,8,'H','디럭스 더블',140000,2,'숙박');
Insert into GOODCHOICE.ROOM (ROOM_ID,SEQ,ACCOM_ID,ROOM_NAME,PRICE,CAPACITY,TYPE) values (16,7,'H','슈페리어 트윈',145200,2,'숙박');
Insert into GOODCHOICE.ROOM (ROOM_ID,SEQ,ACCOM_ID,ROOM_NAME,PRICE,CAPACITY,TYPE) values (17,6,'H','패밀리 더블',157300,3,'숙박');
Insert into GOODCHOICE.ROOM (ROOM_ID,SEQ,ACCOM_ID,ROOM_NAME,PRICE,CAPACITY,TYPE) values (18,22,'C','A1',80000,4,'숙박');
Insert into GOODCHOICE.ROOM (ROOM_ID,SEQ,ACCOM_ID,ROOM_NAME,PRICE,CAPACITY,TYPE) values (19,19,'C','A2',80000,4,'숙박');
Insert into GOODCHOICE.ROOM (ROOM_ID,SEQ,ACCOM_ID,ROOM_NAME,PRICE,CAPACITY,TYPE) values (20,20,'C','오페라 글램핑 커플동',89000,2,'숙박');
Insert into GOODCHOICE.ROOM (ROOM_ID,SEQ,ACCOM_ID,ROOM_NAME,PRICE,CAPACITY,TYPE) values (21,20,'C','오페라 글램핑 가족동',99000,4,'숙박');
Insert into GOODCHOICE.ROOM (ROOM_ID,SEQ,ACCOM_ID,ROOM_NAME,PRICE,CAPACITY,TYPE) values (22,21,'C','폴딩카라반 ',109000,4,'숙박');
Insert into GOODCHOICE.ROOM (ROOM_ID,SEQ,ACCOM_ID,ROOM_NAME,PRICE,CAPACITY,TYPE) values (23,21,'C','돔 글램핑 C',179000,4,'숙박');
Insert into GOODCHOICE.ROOM (ROOM_ID,SEQ,ACCOM_ID,ROOM_NAME,PRICE,CAPACITY,TYPE) values (24,21,'C','돔 글램핑 B',179000,4,'숙박');
Insert into GOODCHOICE.ROOM (ROOM_ID,SEQ,ACCOM_ID,ROOM_NAME,PRICE,CAPACITY,TYPE) values (25,21,'C','로얄카바나(G1~G5)',192500,4,'숙박');
Insert into GOODCHOICE.ROOM (ROOM_ID,SEQ,ACCOM_ID,ROOM_NAME,PRICE,CAPACITY,TYPE) values (26,21,'C','로얄카바나(G6~G13)',207000,4,'숙박');
Insert into GOODCHOICE.ROOM (ROOM_ID,SEQ,ACCOM_ID,ROOM_NAME,PRICE,CAPACITY,TYPE) values (27,21,'C','로얄카바나(G14~G15)',231000,4,'숙박');
Insert into GOODCHOICE.ROOM (ROOM_ID,SEQ,ACCOM_ID,ROOM_NAME,PRICE,CAPACITY,TYPE) values (28,20,'C','캠핑사이트4',50000,4,'숙박');
Insert into GOODCHOICE.ROOM (ROOM_ID,SEQ,ACCOM_ID,ROOM_NAME,PRICE,CAPACITY,TYPE) values (29,19,'C','캠핑사이트2',50000,4,'숙박');
Insert into GOODCHOICE.ROOM (ROOM_ID,SEQ,ACCOM_ID,ROOM_NAME,PRICE,CAPACITY,TYPE) values (30,18,'C','캠핑사이트1',50000,4,'숙박');
Insert into GOODCHOICE.ROOM (ROOM_ID,SEQ,ACCOM_ID,ROOM_NAME,PRICE,CAPACITY,TYPE) values (31,17,'C','카라반 온돌',80000,4,'숙박');
Insert into GOODCHOICE.ROOM (ROOM_ID,SEQ,ACCOM_ID,ROOM_NAME,PRICE,CAPACITY,TYPE) values (32,17,'C','카라반 침대',80000,4,'숙박');
Insert into GOODCHOICE.ROOM (ROOM_ID,SEQ,ACCOM_ID,ROOM_NAME,PRICE,CAPACITY,TYPE) values (33,15,'P','론다',300000,4,'숙박');
Insert into GOODCHOICE.ROOM (ROOM_ID,SEQ,ACCOM_ID,ROOM_NAME,PRICE,CAPACITY,TYPE) values (34,14,'P','토수아',400000,6,'숙박');
Insert into GOODCHOICE.ROOM (ROOM_ID,SEQ,ACCOM_ID,ROOM_NAME,PRICE,CAPACITY,TYPE) values (35,13,'P','소소한',299000,3,'숙박');
Insert into GOODCHOICE.ROOM (ROOM_ID,SEQ,ACCOM_ID,ROOM_NAME,PRICE,CAPACITY,TYPE) values (36,13,'P','소박한',290000,3,'숙박');
Insert into GOODCHOICE.ROOM (ROOM_ID,SEQ,ACCOM_ID,ROOM_NAME,PRICE,CAPACITY,TYPE) values (37,12,'P','여울지게',340000,3,'숙박');
Insert into GOODCHOICE.ROOM (ROOM_ID,SEQ,ACCOM_ID,ROOM_NAME,PRICE,CAPACITY,TYPE) values (38,12,'P','A동',100000,4,'숙박');
Insert into GOODCHOICE.ROOM (ROOM_ID,SEQ,ACCOM_ID,ROOM_NAME,PRICE,CAPACITY,TYPE) values (39,12,'P','B동',100000,4,'숙박');
Insert into GOODCHOICE.ROOM (ROOM_ID,SEQ,ACCOM_ID,ROOM_NAME,PRICE,CAPACITY,TYPE) values (40,16,'P','A동(독채/개별수영장/마당)',1450000,12,'숙박');
Insert into GOODCHOICE.ROOM (ROOM_ID,SEQ,ACCOM_ID,ROOM_NAME,PRICE,CAPACITY,TYPE) values (41,16,'P','B동(독채/개별수영장/마당)',1450000,12,'숙박');
Insert into GOODCHOICE.ROOM (ROOM_ID,SEQ,ACCOM_ID,ROOM_NAME,PRICE,CAPACITY,TYPE) values (42,16,'P','C동(독채/개별수영장/마당)',1450000,12,'숙박');
Insert into GOODCHOICE.ROOM (ROOM_ID,SEQ,ACCOM_ID,ROOM_NAME,PRICE,CAPACITY,TYPE) values (43,16,'P','D동(독채/개별수영장/마당)',1450000,12,'숙박');
Insert into GOODCHOICE.ROOM (ROOM_ID,SEQ,ACCOM_ID,ROOM_NAME,PRICE,CAPACITY,TYPE) values (44,15,'P','별빛달빛',70000,2,'숙박');
Insert into GOODCHOICE.ROOM (ROOM_ID,SEQ,ACCOM_ID,ROOM_NAME,PRICE,CAPACITY,TYPE) values (45,14,'P','붉은노을',80000,2,'숙박');
Insert into GOODCHOICE.ROOM (ROOM_ID,SEQ,ACCOM_ID,ROOM_NAME,PRICE,CAPACITY,TYPE) values (46,13,'P','햇님달님',80000,2,'숙박');
Insert into GOODCHOICE.ROOM (ROOM_ID,SEQ,ACCOM_ID,ROOM_NAME,PRICE,CAPACITY,TYPE) values (47,12,'P','산들바람',100000,4,'숙박');
Insert into GOODCHOICE.ROOM (ROOM_ID,SEQ,ACCOM_ID,ROOM_NAME,PRICE,CAPACITY,TYPE) values (48,13,'P','아침햇살',100000,4,'숙박');
Insert into GOODCHOICE.ROOM (ROOM_ID,SEQ,ACCOM_ID,ROOM_NAME,PRICE,CAPACITY,TYPE) values (49,5,'G','여자도미(8인)',32900,1,'숙박');
Insert into GOODCHOICE.ROOM (ROOM_ID,SEQ,ACCOM_ID,ROOM_NAME,PRICE,CAPACITY,TYPE) values (50,5,'G','남자도미(8인)',32900,1,'숙박');
Insert into GOODCHOICE.ROOM (ROOM_ID,SEQ,ACCOM_ID,ROOM_NAME,PRICE,CAPACITY,TYPE) values (51,5,'G','슈페리얼(1인실)',72000,2,'숙박');
Insert into GOODCHOICE.ROOM (ROOM_ID,SEQ,ACCOM_ID,ROOM_NAME,PRICE,CAPACITY,TYPE) values (52,5,'G','싱글룸',72000,2,'숙박');
Insert into GOODCHOICE.ROOM (ROOM_ID,SEQ,ACCOM_ID,ROOM_NAME,PRICE,CAPACITY,TYPE) values (53,5,'G','편백나무룸',72000,1,'숙박');
Insert into GOODCHOICE.ROOM (ROOM_ID,SEQ,ACCOM_ID,ROOM_NAME,PRICE,CAPACITY,TYPE) values (54,3,'G','디럭스더블룸',99000,3,'숙박');
Insert into GOODCHOICE.ROOM (ROOM_ID,SEQ,ACCOM_ID,ROOM_NAME,PRICE,CAPACITY,TYPE) values (55,3,'G','트리플룸',109000,3,'숙박');
Insert into GOODCHOICE.ROOM (ROOM_ID,SEQ,ACCOM_ID,ROOM_NAME,PRICE,CAPACITY,TYPE) values (56,3,'G','디럭스(4인실)',135000,4,'숙박');
Insert into GOODCHOICE.ROOM (ROOM_ID,SEQ,ACCOM_ID,ROOM_NAME,PRICE,CAPACITY,TYPE) values (57,3,'G','10인실 단체룸',339000,10,'숙박');
Insert into GOODCHOICE.ROOM (ROOM_ID,SEQ,ACCOM_ID,ROOM_NAME,PRICE,CAPACITY,TYPE) values (58,2,'G','스위트하우스',390000,10,'숙박');
Insert into GOODCHOICE.ROOM (ROOM_ID,SEQ,ACCOM_ID,ROOM_NAME,PRICE,CAPACITY,TYPE) values (59,2,'G','도미토리 여성 4인실',35000,1,'숙박');
Insert into GOODCHOICE.ROOM (ROOM_ID,SEQ,ACCOM_ID,ROOM_NAME,PRICE,CAPACITY,TYPE) values (60,2,'G','도미토리 여성 6인실',35000,1,'숙박');
Insert into GOODCHOICE.ROOM (ROOM_ID,SEQ,ACCOM_ID,ROOM_NAME,PRICE,CAPACITY,TYPE) values (61,2,'G','2인실',110000,2,'숙박');
Insert into GOODCHOICE.ROOM (ROOM_ID,SEQ,ACCOM_ID,ROOM_NAME,PRICE,CAPACITY,TYPE) values (62,4,'G','4인 도미토리(여성)(1인기준 가격)',20000,1,'숙박');
Insert into GOODCHOICE.ROOM (ROOM_ID,SEQ,ACCOM_ID,ROOM_NAME,PRICE,CAPACITY,TYPE) values (63,4,'G','4인 도미토리(남성)(1인기준 가격)',20000,1,'숙박');
Insert into GOODCHOICE.ROOM (ROOM_ID,SEQ,ACCOM_ID,ROOM_NAME,PRICE,CAPACITY,TYPE) values (64,4,'G','2인 도미토리여성(1인기준 가격)',25000,1,'숙박');
Insert into GOODCHOICE.ROOM (ROOM_ID,SEQ,ACCOM_ID,ROOM_NAME,PRICE,CAPACITY,TYPE) values (65,4,'G','2인 도미토리(남성)(1인기준 가격)',25000,1,'숙박');
Insert into GOODCHOICE.ROOM (ROOM_ID,SEQ,ACCOM_ID,ROOM_NAME,PRICE,CAPACITY,TYPE) values (66,4,'G','일반(더블룸)실',35000,2,'숙박');
Insert into GOODCHOICE.ROOM (ROOM_ID,SEQ,ACCOM_ID,ROOM_NAME,PRICE,CAPACITY,TYPE) values (67,4,'G','특실',45000,3,'숙박');
Insert into GOODCHOICE.ROOM (ROOM_ID,SEQ,ACCOM_ID,ROOM_NAME,PRICE,CAPACITY,TYPE) values (68,4,'G','남자도미토리 4인',36000,1,'숙박');
Insert into GOODCHOICE.ROOM (ROOM_ID,SEQ,ACCOM_ID,ROOM_NAME,PRICE,CAPACITY,TYPE) values (69,4,'G','여자도미토리 4인',36000,1,'숙박');
Insert into GOODCHOICE.ROOM (ROOM_ID,SEQ,ACCOM_ID,ROOM_NAME,PRICE,CAPACITY,TYPE) values (70,4,'G','[연박할인] 트윈룸(2인타입)',71100,3,'숙박');
Insert into GOODCHOICE.ROOM (ROOM_ID,SEQ,ACCOM_ID,ROOM_NAME,PRICE,CAPACITY,TYPE) values (71,4,'G','[연박할인]더블룸(2인타입퀸침대1개)',71100,3,'숙박');
Insert into GOODCHOICE.ROOM (ROOM_ID,SEQ,ACCOM_ID,ROOM_NAME,PRICE,CAPACITY,TYPE) values (72,2,'G','트윈룸(2인타입)',79000,3,'숙박');
Insert into GOODCHOICE.ROOM (ROOM_ID,SEQ,ACCOM_ID,ROOM_NAME,PRICE,CAPACITY,TYPE) values (73,2,'G','더블룸(2인타입/퀸침대1개)',79000,3,'숙박');
Insert into GOODCHOICE.ROOM (ROOM_ID,SEQ,ACCOM_ID,ROOM_NAME,PRICE,CAPACITY,TYPE) values (74,2,'G','[연박할인] 트윈룸(3인타입)',89100,4,'숙박');
Insert into GOODCHOICE.ROOM (ROOM_ID,SEQ,ACCOM_ID,ROOM_NAME,PRICE,CAPACITY,TYPE) values (75,4,'G','트윈룸(3인타입)',99000,4,'숙박');
Insert into GOODCHOICE.ROOM (ROOM_ID,SEQ,ACCOM_ID,ROOM_NAME,PRICE,CAPACITY,TYPE) values (76,4,'G','3인실(3베드)',105000,4,'숙박');
Insert into GOODCHOICE.ROOM (ROOM_ID,SEQ,ACCOM_ID,ROOM_NAME,PRICE,CAPACITY,TYPE) values (77,4,'G','[연박할인] 가족실타입',153000,5,'숙박');
Insert into GOODCHOICE.ROOM (ROOM_ID,SEQ,ACCOM_ID,ROOM_NAME,PRICE,CAPACITY,TYPE) values (78,2,'G','가족실타입',170000,5,'숙박');
Insert into GOODCHOICE.ROOM (ROOM_ID,SEQ,ACCOM_ID,ROOM_NAME,PRICE,CAPACITY,TYPE) values (79,2,'G','8인 여성 도미토리',16000,1,'숙박');
Insert into GOODCHOICE.ROOM (ROOM_ID,SEQ,ACCOM_ID,ROOM_NAME,PRICE,CAPACITY,TYPE) values (80,3,'G','8인 혼성 도미토리',16000,1,'숙박');
Insert into GOODCHOICE.ROOM (ROOM_ID,SEQ,ACCOM_ID,ROOM_NAME,PRICE,CAPACITY,TYPE) values (81,3,'G','4인 여성 도미토리',18000,1,'숙박');
Insert into GOODCHOICE.ROOM (ROOM_ID,SEQ,ACCOM_ID,ROOM_NAME,PRICE,CAPACITY,TYPE) values (82,3,'G','4인 혼성 도미토리',18000,1,'숙박');
Insert into GOODCHOICE.ROOM (ROOM_ID,SEQ,ACCOM_ID,ROOM_NAME,PRICE,CAPACITY,TYPE) values (83,2,'G','싱글룸',36000,1,'숙박');
Insert into GOODCHOICE.ROOM (ROOM_ID,SEQ,ACCOM_ID,ROOM_NAME,PRICE,CAPACITY,TYPE) values (84,2,'G','더블룸',36000,2,'숙박');
Insert into GOODCHOICE.ROOM (ROOM_ID,SEQ,ACCOM_ID,ROOM_NAME,PRICE,CAPACITY,TYPE) values (85,1,'G','트윈룸',36000,2,'숙박');
Insert into GOODCHOICE.ROOM (ROOM_ID,SEQ,ACCOM_ID,ROOM_NAME,PRICE,CAPACITY,TYPE) values (86,1,'G','트리플룸',64000,3,'숙박');
Insert into GOODCHOICE.ROOM (ROOM_ID,SEQ,ACCOM_ID,ROOM_NAME,PRICE,CAPACITY,TYPE) values (87,1,'G','4인 단체실',64000,4,'숙박');
Insert into GOODCHOICE.ROOM (ROOM_ID,SEQ,ACCOM_ID,ROOM_NAME,PRICE,CAPACITY,TYPE) values (88,1,'G','8인실
',120000,8,'숙박');
Insert into GOODCHOICE.ROOM (ROOM_ID,SEQ,ACCOM_ID,ROOM_NAME,PRICE,CAPACITY,TYPE) values (89,23,'M','Late Standard',30000,2,'대실');
Insert into GOODCHOICE.ROOM (ROOM_ID,SEQ,ACCOM_ID,ROOM_NAME,PRICE,CAPACITY,TYPE) values (90,23,'M','Standard',30000,2,'대실');
Insert into GOODCHOICE.ROOM (ROOM_ID,SEQ,ACCOM_ID,ROOM_NAME,PRICE,CAPACITY,TYPE) values (91,23,'M','Deluxe',100000,2,'숙박');
Insert into GOODCHOICE.ROOM (ROOM_ID,SEQ,ACCOM_ID,ROOM_NAME,PRICE,CAPACITY,TYPE) values (92,24,'M','Suite',180000,2,'숙박');
Insert into GOODCHOICE.ROOM (ROOM_ID,SEQ,ACCOM_ID,ROOM_NAME,PRICE,CAPACITY,TYPE) values (93,24,'M','Late Standard',25000,2,'대실');
Insert into GOODCHOICE.ROOM (ROOM_ID,SEQ,ACCOM_ID,ROOM_NAME,PRICE,CAPACITY,TYPE) values (94,25,'M','Standard',25000,2,'대실');
Insert into GOODCHOICE.ROOM (ROOM_ID,SEQ,ACCOM_ID,ROOM_NAME,PRICE,CAPACITY,TYPE) values (95,25,'M','Deluxe',100000,2,'숙박');
Insert into GOODCHOICE.ROOM (ROOM_ID,SEQ,ACCOM_ID,ROOM_NAME,PRICE,CAPACITY,TYPE) values (96,24,'M','Suite',180000,2,'숙박');
Insert into GOODCHOICE.ROOM (ROOM_ID,SEQ,ACCOM_ID,ROOM_NAME,PRICE,CAPACITY,TYPE) values (97,25,'M','슈페리어',30000,2,'대실');
Insert into GOODCHOICE.ROOM (ROOM_ID,SEQ,ACCOM_ID,ROOM_NAME,PRICE,CAPACITY,TYPE) values (98,25,'M','디럭스',30000,2,'대실');
Insert into GOODCHOICE.ROOM (ROOM_ID,SEQ,ACCOM_ID,ROOM_NAME,PRICE,CAPACITY,TYPE) values (99,25,'M','스위트',170000,2,'숙박');
Insert into GOODCHOICE.ROOM (ROOM_ID,SEQ,ACCOM_ID,ROOM_NAME,PRICE,CAPACITY,TYPE) values (100,25,'M','VIP',190000,2,'숙박');
Insert into GOODCHOICE.ROOM (ROOM_ID,SEQ,ACCOM_ID,ROOM_NAME,PRICE,CAPACITY,TYPE) values (101,26,'M','슈페리어',50000,2,'대실');
Insert into GOODCHOICE.ROOM (ROOM_ID,SEQ,ACCOM_ID,ROOM_NAME,PRICE,CAPACITY,TYPE) values (102,26,'M','디럭스',50000,2,'대실');
Insert into GOODCHOICE.ROOM (ROOM_ID,SEQ,ACCOM_ID,ROOM_NAME,PRICE,CAPACITY,TYPE) values (103,26,'M','스위트',200000,2,'숙박');
Insert into GOODCHOICE.ROOM (ROOM_ID,SEQ,ACCOM_ID,ROOM_NAME,PRICE,CAPACITY,TYPE) values (104,26,'M','VIP',230000,2,'숙박');
Insert into GOODCHOICE.ROOM (ROOM_ID,SEQ,ACCOM_ID,ROOM_NAME,PRICE,CAPACITY,TYPE) values (105,27,'M','Standard',25000,2,'대실');
Insert into GOODCHOICE.ROOM (ROOM_ID,SEQ,ACCOM_ID,ROOM_NAME,PRICE,CAPACITY,TYPE) values (106,27,'M','Deluxe A',35000,2,'대실');
Insert into GOODCHOICE.ROOM (ROOM_ID,SEQ,ACCOM_ID,ROOM_NAME,PRICE,CAPACITY,TYPE) values (107,27,'M','Deluxe B',40000,2,'대실');
Insert into GOODCHOICE.ROOM (ROOM_ID,SEQ,ACCOM_ID,ROOM_NAME,PRICE,CAPACITY,TYPE) values (108,27,'M','이벤트룸',200000,2,'숙박');
Insert into GOODCHOICE.ROOM (ROOM_ID,SEQ,ACCOM_ID,ROOM_NAME,PRICE,CAPACITY,TYPE) values (109,25,'M','Standard',55000,2,'숙박');
Insert into GOODCHOICE.ROOM (ROOM_ID,SEQ,ACCOM_ID,ROOM_NAME,PRICE,CAPACITY,TYPE) values (110,26,'M','Deluxe A',80000,2,'숙박');
Insert into GOODCHOICE.ROOM (ROOM_ID,SEQ,ACCOM_ID,ROOM_NAME,PRICE,CAPACITY,TYPE) values (111,23,'M','Deluxe B',60000,2,'숙박');
REM INSERTING into GOODCHOICE.ROOM_FACILITIES
SET DEFINE OFF;
Insert into GOODCHOICE.ROOM_FACILITIES (SEQ,ACCOM_ID,ROOM_SPA,MINI_BAR,WI_FI,TOILETRIES,TV,AC,REFRIGERATER,SHOWER_ROOM,BATHTUB,HAIR_DRYER,IRON,RICE_COOKER,POWER_SOCKET) values (1,'G',0,0,1,1,1,1,1,1,1,0,0,0,0);
Insert into GOODCHOICE.ROOM_FACILITIES (SEQ,ACCOM_ID,ROOM_SPA,MINI_BAR,WI_FI,TOILETRIES,TV,AC,REFRIGERATER,SHOWER_ROOM,BATHTUB,HAIR_DRYER,IRON,RICE_COOKER,POWER_SOCKET) values (2,'G',0,0,1,1,1,1,1,1,1,0,0,0,0);
Insert into GOODCHOICE.ROOM_FACILITIES (SEQ,ACCOM_ID,ROOM_SPA,MINI_BAR,WI_FI,TOILETRIES,TV,AC,REFRIGERATER,SHOWER_ROOM,BATHTUB,HAIR_DRYER,IRON,RICE_COOKER,POWER_SOCKET) values (3,'G',0,0,1,1,1,1,1,1,1,0,0,0,0);
Insert into GOODCHOICE.ROOM_FACILITIES (SEQ,ACCOM_ID,ROOM_SPA,MINI_BAR,WI_FI,TOILETRIES,TV,AC,REFRIGERATER,SHOWER_ROOM,BATHTUB,HAIR_DRYER,IRON,RICE_COOKER,POWER_SOCKET) values (4,'G',0,0,1,1,1,1,1,1,1,0,0,0,0);
Insert into GOODCHOICE.ROOM_FACILITIES (SEQ,ACCOM_ID,ROOM_SPA,MINI_BAR,WI_FI,TOILETRIES,TV,AC,REFRIGERATER,SHOWER_ROOM,BATHTUB,HAIR_DRYER,IRON,RICE_COOKER,POWER_SOCKET) values (5,'G',0,0,1,1,1,1,1,1,1,0,0,0,0);
Insert into GOODCHOICE.ROOM_FACILITIES (SEQ,ACCOM_ID,ROOM_SPA,MINI_BAR,WI_FI,TOILETRIES,TV,AC,REFRIGERATER,SHOWER_ROOM,BATHTUB,HAIR_DRYER,IRON,RICE_COOKER,POWER_SOCKET) values (6,'H',0,0,1,1,1,1,1,1,1,1,0,0,1);
Insert into GOODCHOICE.ROOM_FACILITIES (SEQ,ACCOM_ID,ROOM_SPA,MINI_BAR,WI_FI,TOILETRIES,TV,AC,REFRIGERATER,SHOWER_ROOM,BATHTUB,HAIR_DRYER,IRON,RICE_COOKER,POWER_SOCKET) values (7,'H',0,0,1,1,1,1,1,1,1,1,1,0,1);
Insert into GOODCHOICE.ROOM_FACILITIES (SEQ,ACCOM_ID,ROOM_SPA,MINI_BAR,WI_FI,TOILETRIES,TV,AC,REFRIGERATER,SHOWER_ROOM,BATHTUB,HAIR_DRYER,IRON,RICE_COOKER,POWER_SOCKET) values (8,'H',0,0,1,1,1,1,1,1,1,1,1,0,1);
Insert into GOODCHOICE.ROOM_FACILITIES (SEQ,ACCOM_ID,ROOM_SPA,MINI_BAR,WI_FI,TOILETRIES,TV,AC,REFRIGERATER,SHOWER_ROOM,BATHTUB,HAIR_DRYER,IRON,RICE_COOKER,POWER_SOCKET) values (9,'H',0,0,1,1,1,1,1,1,1,1,1,0,1);
Insert into GOODCHOICE.ROOM_FACILITIES (SEQ,ACCOM_ID,ROOM_SPA,MINI_BAR,WI_FI,TOILETRIES,TV,AC,REFRIGERATER,SHOWER_ROOM,BATHTUB,HAIR_DRYER,IRON,RICE_COOKER,POWER_SOCKET) values (10,'H',0,1,1,1,1,1,1,1,1,1,1,0,1);
Insert into GOODCHOICE.ROOM_FACILITIES (SEQ,ACCOM_ID,ROOM_SPA,MINI_BAR,WI_FI,TOILETRIES,TV,AC,REFRIGERATER,SHOWER_ROOM,BATHTUB,HAIR_DRYER,IRON,RICE_COOKER,POWER_SOCKET) values (11,'H',0,1,1,1,1,1,1,1,1,1,1,1,1);
Insert into GOODCHOICE.ROOM_FACILITIES (SEQ,ACCOM_ID,ROOM_SPA,MINI_BAR,WI_FI,TOILETRIES,TV,AC,REFRIGERATER,SHOWER_ROOM,BATHTUB,HAIR_DRYER,IRON,RICE_COOKER,POWER_SOCKET) values (12,'P',1,0,1,1,1,1,1,1,0,0,0,1,0);
Insert into GOODCHOICE.ROOM_FACILITIES (SEQ,ACCOM_ID,ROOM_SPA,MINI_BAR,WI_FI,TOILETRIES,TV,AC,REFRIGERATER,SHOWER_ROOM,BATHTUB,HAIR_DRYER,IRON,RICE_COOKER,POWER_SOCKET) values (13,'P',1,0,1,1,1,1,1,1,0,0,0,1,0);
Insert into GOODCHOICE.ROOM_FACILITIES (SEQ,ACCOM_ID,ROOM_SPA,MINI_BAR,WI_FI,TOILETRIES,TV,AC,REFRIGERATER,SHOWER_ROOM,BATHTUB,HAIR_DRYER,IRON,RICE_COOKER,POWER_SOCKET) values (14,'P',0,0,1,1,1,1,1,1,0,1,0,1,0);
Insert into GOODCHOICE.ROOM_FACILITIES (SEQ,ACCOM_ID,ROOM_SPA,MINI_BAR,WI_FI,TOILETRIES,TV,AC,REFRIGERATER,SHOWER_ROOM,BATHTUB,HAIR_DRYER,IRON,RICE_COOKER,POWER_SOCKET) values (15,'P',1,0,1,1,1,1,1,1,0,1,0,1,0);
Insert into GOODCHOICE.ROOM_FACILITIES (SEQ,ACCOM_ID,ROOM_SPA,MINI_BAR,WI_FI,TOILETRIES,TV,AC,REFRIGERATER,SHOWER_ROOM,BATHTUB,HAIR_DRYER,IRON,RICE_COOKER,POWER_SOCKET) values (16,'P',0,0,1,1,1,1,1,1,0,1,0,1,0);
Insert into GOODCHOICE.ROOM_FACILITIES (SEQ,ACCOM_ID,ROOM_SPA,MINI_BAR,WI_FI,TOILETRIES,TV,AC,REFRIGERATER,SHOWER_ROOM,BATHTUB,HAIR_DRYER,IRON,RICE_COOKER,POWER_SOCKET) values (17,'C',0,0,1,0,1,1,1,1,0,0,0,0,0);
Insert into GOODCHOICE.ROOM_FACILITIES (SEQ,ACCOM_ID,ROOM_SPA,MINI_BAR,WI_FI,TOILETRIES,TV,AC,REFRIGERATER,SHOWER_ROOM,BATHTUB,HAIR_DRYER,IRON,RICE_COOKER,POWER_SOCKET) values (18,'C',0,0,1,1,1,1,1,1,1,1,1,0,1);
Insert into GOODCHOICE.ROOM_FACILITIES (SEQ,ACCOM_ID,ROOM_SPA,MINI_BAR,WI_FI,TOILETRIES,TV,AC,REFRIGERATER,SHOWER_ROOM,BATHTUB,HAIR_DRYER,IRON,RICE_COOKER,POWER_SOCKET) values (19,'C',0,0,1,1,1,1,1,1,1,1,1,0,1);
Insert into GOODCHOICE.ROOM_FACILITIES (SEQ,ACCOM_ID,ROOM_SPA,MINI_BAR,WI_FI,TOILETRIES,TV,AC,REFRIGERATER,SHOWER_ROOM,BATHTUB,HAIR_DRYER,IRON,RICE_COOKER,POWER_SOCKET) values (20,'C',0,0,1,1,1,1,1,1,1,1,1,0,1);
Insert into GOODCHOICE.ROOM_FACILITIES (SEQ,ACCOM_ID,ROOM_SPA,MINI_BAR,WI_FI,TOILETRIES,TV,AC,REFRIGERATER,SHOWER_ROOM,BATHTUB,HAIR_DRYER,IRON,RICE_COOKER,POWER_SOCKET) values (21,'C',0,0,1,1,1,1,1,1,1,1,1,0,1);
Insert into GOODCHOICE.ROOM_FACILITIES (SEQ,ACCOM_ID,ROOM_SPA,MINI_BAR,WI_FI,TOILETRIES,TV,AC,REFRIGERATER,SHOWER_ROOM,BATHTUB,HAIR_DRYER,IRON,RICE_COOKER,POWER_SOCKET) values (22,'C',0,0,0,0,1,1,1,0,0,0,0,0,0);
REM INSERTING into GOODCHOICE.SAFETY_NUMBER
SET DEFINE OFF;
Insert into GOODCHOICE.SAFETY_NUMBER (USER_ID,SAFETY_NUMBER,CREATE_AT) values ('jackson47@naver.com','05056781234',to_date('23/09/19','RR/MM/DD'));
REM INSERTING into GOODCHOICE.USED_POINT
SET DEFINE OFF;
Insert into GOODCHOICE.USED_POINT (POINT_LOG_NO,USER_ID,USEPOINT,GUBUN,USE_DATE) values (5,'jackson47@naver.com',100,'A',to_date('23/09/19','RR/MM/DD'));
Insert into GOODCHOICE.USED_POINT (POINT_LOG_NO,USER_ID,USEPOINT,GUBUN,USE_DATE) values (6,'jackson47@naver.com',200,'A',to_date('23/09/19','RR/MM/DD'));
Insert into GOODCHOICE.USED_POINT (POINT_LOG_NO,USER_ID,USEPOINT,GUBUN,USE_DATE) values (7,'jackson47@naver.com',300,'A',to_date('23/09/19','RR/MM/DD'));
Insert into GOODCHOICE.USED_POINT (POINT_LOG_NO,USER_ID,USEPOINT,GUBUN,USE_DATE) values (8,'jackson47@naver.com',400,'A',to_date('23/09/19','RR/MM/DD'));
--------------------------------------------------------
--  DDL for Index PK_ACCOMMODATION
--------------------------------------------------------

  CREATE UNIQUE INDEX "GOODCHOICE"."PK_ACCOMMODATION" ON "GOODCHOICE"."ACCOMMODATION" ("SEQ", "ACCOM_ID") 
  PCTFREE 10 INITRANS 2 MAXTRANS 255 COMPUTE STATISTICS 
  STORAGE(INITIAL 65536 NEXT 1048576 MINEXTENTS 1 MAXEXTENTS 2147483645
  PCTINCREASE 0 FREELISTS 1 FREELIST GROUPS 1 BUFFER_POOL DEFAULT FLASH_CACHE DEFAULT CELL_FLASH_CACHE DEFAULT)
  TABLESPACE "SYSTEM" ;
--------------------------------------------------------
--  DDL for Index PK_ACCOMMODATION_INFO
--------------------------------------------------------

  CREATE UNIQUE INDEX "GOODCHOICE"."PK_ACCOMMODATION_INFO" ON "GOODCHOICE"."ACCOMMODATION_INFO" ("MAIN_CD", "SUB_CD") 
  PCTFREE 10 INITRANS 2 MAXTRANS 255 COMPUTE STATISTICS 
  STORAGE(INITIAL 65536 NEXT 1048576 MINEXTENTS 1 MAXEXTENTS 2147483645
  PCTINCREASE 0 FREELISTS 1 FREELIST GROUPS 1 BUFFER_POOL DEFAULT FLASH_CACHE DEFAULT CELL_FLASH_CACHE DEFAULT)
  TABLESPACE "SYSTEM" ;
--------------------------------------------------------
--  DDL for Index CANCELLATION_REASON_PK
--------------------------------------------------------

  CREATE UNIQUE INDEX "GOODCHOICE"."CANCELLATION_REASON_PK" ON "GOODCHOICE"."CANCELLATION_REASON" ("SEQ") 
  PCTFREE 10 INITRANS 2 MAXTRANS 255 COMPUTE STATISTICS 
  STORAGE(INITIAL 65536 NEXT 1048576 MINEXTENTS 1 MAXEXTENTS 2147483645
  PCTINCREASE 0 FREELISTS 1 FREELIST GROUPS 1 BUFFER_POOL DEFAULT FLASH_CACHE DEFAULT CELL_FLASH_CACHE DEFAULT)
  TABLESPACE "SYSTEM" ;
--------------------------------------------------------
--  DDL for Index PK_COUPON
--------------------------------------------------------

  CREATE UNIQUE INDEX "GOODCHOICE"."PK_COUPON" ON "GOODCHOICE"."COUPON" ("COUPON_TYPE_ID") 
  PCTFREE 10 INITRANS 2 MAXTRANS 255 COMPUTE STATISTICS 
  STORAGE(INITIAL 65536 NEXT 1048576 MINEXTENTS 1 MAXEXTENTS 2147483645
  PCTINCREASE 0 FREELISTS 1 FREELIST GROUPS 1 BUFFER_POOL DEFAULT FLASH_CACHE DEFAULT CELL_FLASH_CACHE DEFAULT)
  TABLESPACE "SYSTEM" ;
--------------------------------------------------------
--  DDL for Index PK_COUPON_STATUS
--------------------------------------------------------

  CREATE UNIQUE INDEX "GOODCHOICE"."PK_COUPON_STATUS" ON "GOODCHOICE"."COUPON_STATUS" ("COUPON_ID") 
  PCTFREE 10 INITRANS 2 MAXTRANS 255 COMPUTE STATISTICS 
  STORAGE(INITIAL 65536 NEXT 1048576 MINEXTENTS 1 MAXEXTENTS 2147483645
  PCTINCREASE 0 FREELISTS 1 FREELIST GROUPS 1 BUFFER_POOL DEFAULT FLASH_CACHE DEFAULT CELL_FLASH_CACHE DEFAULT)
  TABLESPACE "SYSTEM" ;
--------------------------------------------------------
--  DDL for Index PK_EVENT
--------------------------------------------------------

  CREATE UNIQUE INDEX "GOODCHOICE"."PK_EVENT" ON "GOODCHOICE"."EVENT" ("EVENT_ID") 
  PCTFREE 10 INITRANS 2 MAXTRANS 255 COMPUTE STATISTICS 
  STORAGE(INITIAL 65536 NEXT 1048576 MINEXTENTS 1 MAXEXTENTS 2147483645
  PCTINCREASE 0 FREELISTS 1 FREELIST GROUPS 1 BUFFER_POOL DEFAULT FLASH_CACHE DEFAULT CELL_FLASH_CACHE DEFAULT)
  TABLESPACE "SYSTEM" ;
--------------------------------------------------------
--  DDL for Index PK_EVENT_PARTICIPATION_HISTORY
--------------------------------------------------------

  CREATE UNIQUE INDEX "GOODCHOICE"."PK_EVENT_PARTICIPATION_HISTORY" ON "GOODCHOICE"."EVENT_HISTORY" ("EVENT_ID", "USER_ID") 
  PCTFREE 10 INITRANS 2 MAXTRANS 255 COMPUTE STATISTICS 
  STORAGE(INITIAL 65536 NEXT 1048576 MINEXTENTS 1 MAXEXTENTS 2147483645
  PCTINCREASE 0 FREELISTS 1 FREELIST GROUPS 1 BUFFER_POOL DEFAULT FLASH_CACHE DEFAULT CELL_FLASH_CACHE DEFAULT)
  TABLESPACE "SYSTEM" ;
--------------------------------------------------------
--  DDL for Index PK_GUBUN
--------------------------------------------------------

  CREATE UNIQUE INDEX "GOODCHOICE"."PK_GUBUN" ON "GOODCHOICE"."GUBUN" ("CODE") 
  PCTFREE 10 INITRANS 2 MAXTRANS 255 COMPUTE STATISTICS 
  STORAGE(INITIAL 65536 NEXT 1048576 MINEXTENTS 1 MAXEXTENTS 2147483645
  PCTINCREASE 0 FREELISTS 1 FREELIST GROUPS 1 BUFFER_POOL DEFAULT FLASH_CACHE DEFAULT CELL_FLASH_CACHE DEFAULT)
  TABLESPACE "SYSTEM" ;
--------------------------------------------------------
--  DDL for Index PK_INQUIRY
--------------------------------------------------------

  CREATE UNIQUE INDEX "GOODCHOICE"."PK_INQUIRY" ON "GOODCHOICE"."INQUIRY" ("INQUIRY_ID") 
  PCTFREE 10 INITRANS 2 MAXTRANS 255 COMPUTE STATISTICS 
  STORAGE(INITIAL 65536 NEXT 1048576 MINEXTENTS 1 MAXEXTENTS 2147483645
  PCTINCREASE 0 FREELISTS 1 FREELIST GROUPS 1 BUFFER_POOL DEFAULT FLASH_CACHE DEFAULT CELL_FLASH_CACHE DEFAULT)
  TABLESPACE "SYSTEM" ;
--------------------------------------------------------
--  DDL for Index PK_MEMBER
--------------------------------------------------------

  CREATE UNIQUE INDEX "GOODCHOICE"."PK_MEMBER" ON "GOODCHOICE"."MEMBER" ("USER_ID") 
  PCTFREE 10 INITRANS 2 MAXTRANS 255 COMPUTE STATISTICS 
  STORAGE(INITIAL 65536 NEXT 1048576 MINEXTENTS 1 MAXEXTENTS 2147483645
  PCTINCREASE 0 FREELISTS 1 FREELIST GROUPS 1 BUFFER_POOL DEFAULT FLASH_CACHE DEFAULT CELL_FLASH_CACHE DEFAULT)
  TABLESPACE "SYSTEM" ;
--------------------------------------------------------
--  DDL for Index PK_PAYMENT
--------------------------------------------------------

  CREATE UNIQUE INDEX "GOODCHOICE"."PK_PAYMENT" ON "GOODCHOICE"."PAYMENT" ("PAY_ID") 
  PCTFREE 10 INITRANS 2 MAXTRANS 255 COMPUTE STATISTICS 
  STORAGE(INITIAL 65536 NEXT 1048576 MINEXTENTS 1 MAXEXTENTS 2147483645
  PCTINCREASE 0 FREELISTS 1 FREELIST GROUPS 1 BUFFER_POOL DEFAULT FLASH_CACHE DEFAULT CELL_FLASH_CACHE DEFAULT)
  TABLESPACE "SYSTEM" ;
--------------------------------------------------------
--  DDL for Index PK_POINT_DETAIL
--------------------------------------------------------

  CREATE UNIQUE INDEX "GOODCHOICE"."PK_POINT_DETAIL" ON "GOODCHOICE"."POINT_DETAIL" ("POINT_LOG_NO", "POINT_ID") 
  PCTFREE 10 INITRANS 2 MAXTRANS 255 COMPUTE STATISTICS 
  STORAGE(INITIAL 65536 NEXT 1048576 MINEXTENTS 1 MAXEXTENTS 2147483645
  PCTINCREASE 0 FREELISTS 1 FREELIST GROUPS 1 BUFFER_POOL DEFAULT FLASH_CACHE DEFAULT CELL_FLASH_CACHE DEFAULT)
  TABLESPACE "SYSTEM" ;
--------------------------------------------------------
--  DDL for Index PK_POINT_HISTORY
--------------------------------------------------------

  CREATE UNIQUE INDEX "GOODCHOICE"."PK_POINT_HISTORY" ON "GOODCHOICE"."POINT_HISTORY" ("POINT_ID") 
  PCTFREE 10 INITRANS 2 MAXTRANS 255 COMPUTE STATISTICS 
  STORAGE(INITIAL 65536 NEXT 1048576 MINEXTENTS 1 MAXEXTENTS 2147483645
  PCTINCREASE 0 FREELISTS 1 FREELIST GROUPS 1 BUFFER_POOL DEFAULT FLASH_CACHE DEFAULT CELL_FLASH_CACHE DEFAULT)
  TABLESPACE "SYSTEM" ;
--------------------------------------------------------
--  DDL for Index PK_RESERVATION
--------------------------------------------------------

  CREATE UNIQUE INDEX "GOODCHOICE"."PK_RESERVATION" ON "GOODCHOICE"."RESERVATION" ("RESERVATION_ID") 
  PCTFREE 10 INITRANS 2 MAXTRANS 255 COMPUTE STATISTICS 
  STORAGE(INITIAL 65536 NEXT 1048576 MINEXTENTS 1 MAXEXTENTS 2147483645
  PCTINCREASE 0 FREELISTS 1 FREELIST GROUPS 1 BUFFER_POOL DEFAULT FLASH_CACHE DEFAULT CELL_FLASH_CACHE DEFAULT)
  TABLESPACE "SYSTEM" ;
--------------------------------------------------------
--  DDL for Index PK_REVIEW
--------------------------------------------------------

  CREATE UNIQUE INDEX "GOODCHOICE"."PK_REVIEW" ON "GOODCHOICE"."REVIEW" ("REVIEW_ID") 
  PCTFREE 10 INITRANS 2 MAXTRANS 255 COMPUTE STATISTICS 
  STORAGE(INITIAL 65536 NEXT 1048576 MINEXTENTS 1 MAXEXTENTS 2147483645
  PCTINCREASE 0 FREELISTS 1 FREELIST GROUPS 1 BUFFER_POOL DEFAULT FLASH_CACHE DEFAULT CELL_FLASH_CACHE DEFAULT)
  TABLESPACE "SYSTEM" ;
--------------------------------------------------------
--  DDL for Index PK_ROOM
--------------------------------------------------------

  CREATE UNIQUE INDEX "GOODCHOICE"."PK_ROOM" ON "GOODCHOICE"."ROOM" ("ROOM_ID") 
  PCTFREE 10 INITRANS 2 MAXTRANS 255 COMPUTE STATISTICS 
  STORAGE(INITIAL 65536 NEXT 1048576 MINEXTENTS 1 MAXEXTENTS 2147483645
  PCTINCREASE 0 FREELISTS 1 FREELIST GROUPS 1 BUFFER_POOL DEFAULT FLASH_CACHE DEFAULT CELL_FLASH_CACHE DEFAULT)
  TABLESPACE "SYSTEM" ;
--------------------------------------------------------
--  DDL for Index PK_SAFETY_NUMBER
--------------------------------------------------------

  CREATE UNIQUE INDEX "GOODCHOICE"."PK_SAFETY_NUMBER" ON "GOODCHOICE"."SAFETY_NUMBER" ("USER_ID") 
  PCTFREE 10 INITRANS 2 MAXTRANS 255 COMPUTE STATISTICS 
  STORAGE(INITIAL 65536 NEXT 1048576 MINEXTENTS 1 MAXEXTENTS 2147483645
  PCTINCREASE 0 FREELISTS 1 FREELIST GROUPS 1 BUFFER_POOL DEFAULT FLASH_CACHE DEFAULT CELL_FLASH_CACHE DEFAULT)
  TABLESPACE "SYSTEM" ;
--------------------------------------------------------
--  DDL for Index PK_USED_POINT
--------------------------------------------------------

  CREATE UNIQUE INDEX "GOODCHOICE"."PK_USED_POINT" ON "GOODCHOICE"."USED_POINT" ("POINT_LOG_NO") 
  PCTFREE 10 INITRANS 2 MAXTRANS 255 COMPUTE STATISTICS 
  STORAGE(INITIAL 65536 NEXT 1048576 MINEXTENTS 1 MAXEXTENTS 2147483645
  PCTINCREASE 0 FREELISTS 1 FREELIST GROUPS 1 BUFFER_POOL DEFAULT FLASH_CACHE DEFAULT CELL_FLASH_CACHE DEFAULT)
  TABLESPACE "SYSTEM" ;
--------------------------------------------------------
--  DDL for Trigger TRG_COUPON_INSERT
--------------------------------------------------------

  CREATE OR REPLACE TRIGGER "GOODCHOICE"."TRG_COUPON_INSERT" 
AFTER INSERT ON coupon
FOR EACH ROW
BEGIN
   INSERT INTO event (event_id, coupon_type_id, event_name,
                      event_point, winner_limit,
                      start_date, end_date)
   VALUES (event_id_seq.NEXTVAL,
           :NEW.coupon_type_id,
           '자동생성 이벤트',
           1000,
           50,
           :NEW.start_date,
           :NEW.end_date);
END;
/
ALTER TRIGGER "GOODCHOICE"."TRG_COUPON_INSERT" ENABLE;
--------------------------------------------------------
--  DDL for Trigger UT_USER_COUPON
--------------------------------------------------------

  CREATE OR REPLACE TRIGGER "GOODCHOICE"."UT_USER_COUPON" -- 쿠폰 발급시 유저 쿠폰수 갱신
BEFORE INSERT ON coupon_status
FOR EACH ROW 
BEGIN
  UPDATE member SET user_coupons = (SELECT count(1)+1 FROM coupon_status where user_id = :new.user_id)
  WHERE user_id = :new.user_id;
END;
/
ALTER TRIGGER "GOODCHOICE"."UT_USER_COUPON" ENABLE;
--------------------------------------------------------
--  DDL for Trigger UT_SAFE_NUM
--------------------------------------------------------

  CREATE OR REPLACE TRIGGER "GOODCHOICE"."UT_SAFE_NUM" 
AFTER INSERT ON reservation
FOR EACH ROW 
DECLARE
v_cnt NUMBER;
BEGIN 
 SELECT count(*) INTO v_cnt
 FROM safety_number
 WHERE user_id = :new.user_id;
 IF (v_cnt=0) THEN
 INSERT INTO safety_number (user_id,safety_number,create_at)
  VALUES(:new.user_id,'050'
  ||(SELECT substr(phone_number,10,4)FROM member WHERE user_id = :new.user_id)
  ||(SELECT substr(phone_number,5,4)FROM member WHERE user_id = :new.user_id)
  ,SYSDATE  
  );
  END IF;
END;
/
ALTER TRIGGER "GOODCHOICE"."UT_SAFE_NUM" ENABLE;
--------------------------------------------------------
--  Constraints for Table ACCOMMODATION
--------------------------------------------------------

  ALTER TABLE "GOODCHOICE"."ACCOMMODATION" ADD CONSTRAINT "PK_ACCOMMODATION" PRIMARY KEY ("SEQ", "ACCOM_ID")
  USING INDEX PCTFREE 10 INITRANS 2 MAXTRANS 255 COMPUTE STATISTICS 
  STORAGE(INITIAL 65536 NEXT 1048576 MINEXTENTS 1 MAXEXTENTS 2147483645
  PCTINCREASE 0 FREELISTS 1 FREELIST GROUPS 1 BUFFER_POOL DEFAULT FLASH_CACHE DEFAULT CELL_FLASH_CACHE DEFAULT)
  TABLESPACE "SYSTEM"  ENABLE;
  ALTER TABLE "GOODCHOICE"."ACCOMMODATION" MODIFY ("CHECK_OUT_TIME" NOT NULL ENABLE);
  ALTER TABLE "GOODCHOICE"."ACCOMMODATION" MODIFY ("CHECK_IN_TIME" NOT NULL ENABLE);
  ALTER TABLE "GOODCHOICE"."ACCOMMODATION" MODIFY ("ADDRESS" NOT NULL ENABLE);
  ALTER TABLE "GOODCHOICE"."ACCOMMODATION" MODIFY ("ACCOM_NAME" NOT NULL ENABLE);
  ALTER TABLE "GOODCHOICE"."ACCOMMODATION" MODIFY ("ACCOM_ID" NOT NULL ENABLE);
  ALTER TABLE "GOODCHOICE"."ACCOMMODATION" MODIFY ("SEQ" NOT NULL ENABLE);
--------------------------------------------------------
--  Constraints for Table ACCOMMODATION_INFO
--------------------------------------------------------

  ALTER TABLE "GOODCHOICE"."ACCOMMODATION_INFO" ADD CONSTRAINT "PK_ACCOMMODATION_INFO" PRIMARY KEY ("MAIN_CD", "SUB_CD")
  USING INDEX PCTFREE 10 INITRANS 2 MAXTRANS 255 COMPUTE STATISTICS 
  STORAGE(INITIAL 65536 NEXT 1048576 MINEXTENTS 1 MAXEXTENTS 2147483645
  PCTINCREASE 0 FREELISTS 1 FREELIST GROUPS 1 BUFFER_POOL DEFAULT FLASH_CACHE DEFAULT CELL_FLASH_CACHE DEFAULT)
  TABLESPACE "SYSTEM"  ENABLE;
  ALTER TABLE "GOODCHOICE"."ACCOMMODATION_INFO" MODIFY ("ACCOM_TITLE" NOT NULL ENABLE);
  ALTER TABLE "GOODCHOICE"."ACCOMMODATION_INFO" MODIFY ("SUB_CD" NOT NULL ENABLE);
  ALTER TABLE "GOODCHOICE"."ACCOMMODATION_INFO" MODIFY ("MAIN_CD" NOT NULL ENABLE);
  ALTER TABLE "GOODCHOICE"."ACCOMMODATION_INFO" MODIFY ("SEQ" NOT NULL ENABLE);
--------------------------------------------------------
--  Constraints for Table BED_TYPE
--------------------------------------------------------

  ALTER TABLE "GOODCHOICE"."BED_TYPE" MODIFY ("ACCOM_ID" NOT NULL ENABLE);
  ALTER TABLE "GOODCHOICE"."BED_TYPE" MODIFY ("SEQ" NOT NULL ENABLE);
--------------------------------------------------------
--  Constraints for Table CANCELLATION_REASON
--------------------------------------------------------

  ALTER TABLE "GOODCHOICE"."CANCELLATION_REASON" ADD CONSTRAINT "CANCELLATION_REASON_PK" PRIMARY KEY ("SEQ")
  USING INDEX PCTFREE 10 INITRANS 2 MAXTRANS 255 COMPUTE STATISTICS 
  STORAGE(INITIAL 65536 NEXT 1048576 MINEXTENTS 1 MAXEXTENTS 2147483645
  PCTINCREASE 0 FREELISTS 1 FREELIST GROUPS 1 BUFFER_POOL DEFAULT FLASH_CACHE DEFAULT CELL_FLASH_CACHE DEFAULT)
  TABLESPACE "SYSTEM"  ENABLE;
  ALTER TABLE "GOODCHOICE"."CANCELLATION_REASON" MODIFY ("SEQ" NOT NULL ENABLE);
--------------------------------------------------------
--  Constraints for Table COUPON
--------------------------------------------------------

  ALTER TABLE "GOODCHOICE"."COUPON" ADD CONSTRAINT "PK_COUPON" PRIMARY KEY ("COUPON_TYPE_ID")
  USING INDEX PCTFREE 10 INITRANS 2 MAXTRANS 255 COMPUTE STATISTICS 
  STORAGE(INITIAL 65536 NEXT 1048576 MINEXTENTS 1 MAXEXTENTS 2147483645
  PCTINCREASE 0 FREELISTS 1 FREELIST GROUPS 1 BUFFER_POOL DEFAULT FLASH_CACHE DEFAULT CELL_FLASH_CACHE DEFAULT)
  TABLESPACE "SYSTEM"  ENABLE;
  ALTER TABLE "GOODCHOICE"."COUPON" MODIFY ("END_DATE" NOT NULL ENABLE);
  ALTER TABLE "GOODCHOICE"."COUPON" MODIFY ("START_DATE" NOT NULL ENABLE);
  ALTER TABLE "GOODCHOICE"."COUPON" MODIFY ("AVAILABLE_PAY_TYPE" NOT NULL ENABLE);
  ALTER TABLE "GOODCHOICE"."COUPON" MODIFY ("AVAILABLE_TYPE" NOT NULL ENABLE);
  ALTER TABLE "GOODCHOICE"."COUPON" MODIFY ("AVAILABLE_DAYS" NOT NULL ENABLE);
  ALTER TABLE "GOODCHOICE"."COUPON" MODIFY ("AVAILABLE_ACCOM" NOT NULL ENABLE);
  ALTER TABLE "GOODCHOICE"."COUPON" MODIFY ("COUPON_NAME" NOT NULL ENABLE);
  ALTER TABLE "GOODCHOICE"."COUPON" MODIFY ("COUPON_TYPE_ID" NOT NULL ENABLE);
--------------------------------------------------------
--  Constraints for Table COUPON_STATUS
--------------------------------------------------------

  ALTER TABLE "GOODCHOICE"."COUPON_STATUS" ADD CONSTRAINT "PK_COUPON_STATUS" PRIMARY KEY ("COUPON_ID")
  USING INDEX PCTFREE 10 INITRANS 2 MAXTRANS 255 COMPUTE STATISTICS 
  STORAGE(INITIAL 65536 NEXT 1048576 MINEXTENTS 1 MAXEXTENTS 2147483645
  PCTINCREASE 0 FREELISTS 1 FREELIST GROUPS 1 BUFFER_POOL DEFAULT FLASH_CACHE DEFAULT CELL_FLASH_CACHE DEFAULT)
  TABLESPACE "SYSTEM"  ENABLE;
  ALTER TABLE "GOODCHOICE"."COUPON_STATUS" MODIFY ("STATUS" NOT NULL ENABLE);
  ALTER TABLE "GOODCHOICE"."COUPON_STATUS" MODIFY ("USER_ID" NOT NULL ENABLE);
  ALTER TABLE "GOODCHOICE"."COUPON_STATUS" MODIFY ("COUPON_TYPE_ID" NOT NULL ENABLE);
  ALTER TABLE "GOODCHOICE"."COUPON_STATUS" MODIFY ("COUPON_ID" NOT NULL ENABLE);
--------------------------------------------------------
--  Constraints for Table ETC
--------------------------------------------------------

  ALTER TABLE "GOODCHOICE"."ETC" MODIFY ("ACCOM_ID" NOT NULL ENABLE);
  ALTER TABLE "GOODCHOICE"."ETC" MODIFY ("SEQ" NOT NULL ENABLE);
--------------------------------------------------------
--  Constraints for Table EVENT
--------------------------------------------------------

  ALTER TABLE "GOODCHOICE"."EVENT" ADD CONSTRAINT "PK_EVENT" PRIMARY KEY ("EVENT_ID")
  USING INDEX PCTFREE 10 INITRANS 2 MAXTRANS 255 COMPUTE STATISTICS 
  STORAGE(INITIAL 65536 NEXT 1048576 MINEXTENTS 1 MAXEXTENTS 2147483645
  PCTINCREASE 0 FREELISTS 1 FREELIST GROUPS 1 BUFFER_POOL DEFAULT FLASH_CACHE DEFAULT CELL_FLASH_CACHE DEFAULT)
  TABLESPACE "SYSTEM"  ENABLE;
  ALTER TABLE "GOODCHOICE"."EVENT" MODIFY ("END_DATE" NOT NULL ENABLE);
  ALTER TABLE "GOODCHOICE"."EVENT" MODIFY ("START_DATE" NOT NULL ENABLE);
  ALTER TABLE "GOODCHOICE"."EVENT" MODIFY ("WINNER_LIMIT" NOT NULL ENABLE);
  ALTER TABLE "GOODCHOICE"."EVENT" MODIFY ("EVENT_NAME" NOT NULL ENABLE);
  ALTER TABLE "GOODCHOICE"."EVENT" MODIFY ("EVENT_ID" NOT NULL ENABLE);
--------------------------------------------------------
--  Constraints for Table EVENT_HISTORY
--------------------------------------------------------

  ALTER TABLE "GOODCHOICE"."EVENT_HISTORY" ADD CONSTRAINT "PK_EVENT_PARTICIPATION_HISTORY" PRIMARY KEY ("EVENT_ID", "USER_ID")
  USING INDEX PCTFREE 10 INITRANS 2 MAXTRANS 255 COMPUTE STATISTICS 
  STORAGE(INITIAL 65536 NEXT 1048576 MINEXTENTS 1 MAXEXTENTS 2147483645
  PCTINCREASE 0 FREELISTS 1 FREELIST GROUPS 1 BUFFER_POOL DEFAULT FLASH_CACHE DEFAULT CELL_FLASH_CACHE DEFAULT)
  TABLESPACE "SYSTEM"  ENABLE;
  ALTER TABLE "GOODCHOICE"."EVENT_HISTORY" MODIFY ("PARTICIPATION_DATE" NOT NULL ENABLE);
  ALTER TABLE "GOODCHOICE"."EVENT_HISTORY" MODIFY ("USER_ID" NOT NULL ENABLE);
  ALTER TABLE "GOODCHOICE"."EVENT_HISTORY" MODIFY ("EVENT_ID" NOT NULL ENABLE);
--------------------------------------------------------
--  Constraints for Table GUBUN
--------------------------------------------------------

  ALTER TABLE "GOODCHOICE"."GUBUN" ADD CONSTRAINT "PK_GUBUN" PRIMARY KEY ("CODE")
  USING INDEX PCTFREE 10 INITRANS 2 MAXTRANS 255 COMPUTE STATISTICS 
  STORAGE(INITIAL 65536 NEXT 1048576 MINEXTENTS 1 MAXEXTENTS 2147483645
  PCTINCREASE 0 FREELISTS 1 FREELIST GROUPS 1 BUFFER_POOL DEFAULT FLASH_CACHE DEFAULT CELL_FLASH_CACHE DEFAULT)
  TABLESPACE "SYSTEM"  ENABLE;
  ALTER TABLE "GOODCHOICE"."GUBUN" MODIFY ("TITLE" NOT NULL ENABLE);
  ALTER TABLE "GOODCHOICE"."GUBUN" MODIFY ("CODE" NOT NULL ENABLE);
  ALTER TABLE "GOODCHOICE"."GUBUN" MODIFY ("SEQ" NOT NULL ENABLE);
--------------------------------------------------------
--  Constraints for Table INQUIRY
--------------------------------------------------------

  ALTER TABLE "GOODCHOICE"."INQUIRY" ADD CONSTRAINT "PK_INQUIRY" PRIMARY KEY ("INQUIRY_ID")
  USING INDEX PCTFREE 10 INITRANS 2 MAXTRANS 255 COMPUTE STATISTICS 
  STORAGE(INITIAL 65536 NEXT 1048576 MINEXTENTS 1 MAXEXTENTS 2147483645
  PCTINCREASE 0 FREELISTS 1 FREELIST GROUPS 1 BUFFER_POOL DEFAULT FLASH_CACHE DEFAULT CELL_FLASH_CACHE DEFAULT)
  TABLESPACE "SYSTEM"  ENABLE;
  ALTER TABLE "GOODCHOICE"."INQUIRY" MODIFY ("INQUIRY_CONTENT" NOT NULL ENABLE);
  ALTER TABLE "GOODCHOICE"."INQUIRY" MODIFY ("INQUIRY_TYPE" NOT NULL ENABLE);
  ALTER TABLE "GOODCHOICE"."INQUIRY" MODIFY ("CATEGORY_TYPE" NOT NULL ENABLE);
  ALTER TABLE "GOODCHOICE"."INQUIRY" MODIFY ("INQUIRY_DATE" NOT NULL ENABLE);
  ALTER TABLE "GOODCHOICE"."INQUIRY" MODIFY ("USER_ID" NOT NULL ENABLE);
  ALTER TABLE "GOODCHOICE"."INQUIRY" MODIFY ("INQUIRY_ID" NOT NULL ENABLE);
--------------------------------------------------------
--  Constraints for Table MEMBER
--------------------------------------------------------

  ALTER TABLE "GOODCHOICE"."MEMBER" ADD CONSTRAINT "PK_MEMBER" PRIMARY KEY ("USER_ID")
  USING INDEX PCTFREE 10 INITRANS 2 MAXTRANS 255 COMPUTE STATISTICS 
  STORAGE(INITIAL 65536 NEXT 1048576 MINEXTENTS 1 MAXEXTENTS 2147483645
  PCTINCREASE 0 FREELISTS 1 FREELIST GROUPS 1 BUFFER_POOL DEFAULT FLASH_CACHE DEFAULT CELL_FLASH_CACHE DEFAULT)
  TABLESPACE "SYSTEM"  ENABLE;
  ALTER TABLE "GOODCHOICE"."MEMBER" MODIFY ("PHONE_NUMBER" NOT NULL ENABLE);
  ALTER TABLE "GOODCHOICE"."MEMBER" MODIFY ("USER_NICKNAME" NOT NULL ENABLE);
  ALTER TABLE "GOODCHOICE"."MEMBER" MODIFY ("USER_PW" NOT NULL ENABLE);
  ALTER TABLE "GOODCHOICE"."MEMBER" MODIFY ("USER_ID" NOT NULL ENABLE);
--------------------------------------------------------
--  Constraints for Table MOTEL_BENEFIT
--------------------------------------------------------

  ALTER TABLE "GOODCHOICE"."MOTEL_BENEFIT" MODIFY ("ACCOM_ID" NOT NULL ENABLE);
  ALTER TABLE "GOODCHOICE"."MOTEL_BENEFIT" MODIFY ("SEQ" NOT NULL ENABLE);
--------------------------------------------------------
--  Constraints for Table MOTEL_PLAY_FACILITY
--------------------------------------------------------

  ALTER TABLE "GOODCHOICE"."MOTEL_PLAY_FACILITY" MODIFY ("ACCOM_ID" NOT NULL ENABLE);
  ALTER TABLE "GOODCHOICE"."MOTEL_PLAY_FACILITY" MODIFY ("SEQ" NOT NULL ENABLE);
--------------------------------------------------------
--  Constraints for Table MOTEL_RESERVATION_OPTIONS
--------------------------------------------------------

  ALTER TABLE "GOODCHOICE"."MOTEL_RESERVATION_OPTIONS" MODIFY ("ACCOM_ID" NOT NULL ENABLE);
  ALTER TABLE "GOODCHOICE"."MOTEL_RESERVATION_OPTIONS" MODIFY ("SEQ" NOT NULL ENABLE);
--------------------------------------------------------
--  Constraints for Table MOTEL_SPAFACILITIES
--------------------------------------------------------

  ALTER TABLE "GOODCHOICE"."MOTEL_SPAFACILITIES" MODIFY ("ACCOM_ID" NOT NULL ENABLE);
  ALTER TABLE "GOODCHOICE"."MOTEL_SPAFACILITIES" MODIFY ("SEQ" NOT NULL ENABLE);
--------------------------------------------------------
--  Constraints for Table MOTEL_UNIQUETHEME
--------------------------------------------------------

  ALTER TABLE "GOODCHOICE"."MOTEL_UNIQUETHEME" MODIFY ("ACCOM_ID" NOT NULL ENABLE);
  ALTER TABLE "GOODCHOICE"."MOTEL_UNIQUETHEME" MODIFY ("SEQ" NOT NULL ENABLE);
--------------------------------------------------------
--  Constraints for Table PAYMENT
--------------------------------------------------------

  ALTER TABLE "GOODCHOICE"."PAYMENT" ADD CONSTRAINT "PK_PAYMENT" PRIMARY KEY ("PAY_ID")
  USING INDEX PCTFREE 10 INITRANS 2 MAXTRANS 255 COMPUTE STATISTICS 
  STORAGE(INITIAL 65536 NEXT 1048576 MINEXTENTS 1 MAXEXTENTS 2147483645
  PCTINCREASE 0 FREELISTS 1 FREELIST GROUPS 1 BUFFER_POOL DEFAULT FLASH_CACHE DEFAULT CELL_FLASH_CACHE DEFAULT)
  TABLESPACE "SYSTEM"  ENABLE;
  ALTER TABLE "GOODCHOICE"."PAYMENT" MODIFY ("PAY_METHOD" NOT NULL ENABLE);
  ALTER TABLE "GOODCHOICE"."PAYMENT" MODIFY ("PAY_AMOUNT" NOT NULL ENABLE);
  ALTER TABLE "GOODCHOICE"."PAYMENT" MODIFY ("PAY_DATE" NOT NULL ENABLE);
  ALTER TABLE "GOODCHOICE"."PAYMENT" MODIFY ("STATUS" NOT NULL ENABLE);
  ALTER TABLE "GOODCHOICE"."PAYMENT" MODIFY ("RESERVATION_ID" NOT NULL ENABLE);
  ALTER TABLE "GOODCHOICE"."PAYMENT" MODIFY ("PAY_ID" NOT NULL ENABLE);
--------------------------------------------------------
--  Constraints for Table POINT_DETAIL
--------------------------------------------------------

  ALTER TABLE "GOODCHOICE"."POINT_DETAIL" ADD CONSTRAINT "PK_POINT_DETAIL" PRIMARY KEY ("POINT_LOG_NO", "POINT_ID")
  USING INDEX PCTFREE 10 INITRANS 2 MAXTRANS 255 COMPUTE STATISTICS 
  STORAGE(INITIAL 65536 NEXT 1048576 MINEXTENTS 1 MAXEXTENTS 2147483645
  PCTINCREASE 0 FREELISTS 1 FREELIST GROUPS 1 BUFFER_POOL DEFAULT FLASH_CACHE DEFAULT CELL_FLASH_CACHE DEFAULT)
  TABLESPACE "SYSTEM"  ENABLE;
  ALTER TABLE "GOODCHOICE"."POINT_DETAIL" MODIFY ("USEPOINT" NOT NULL ENABLE);
  ALTER TABLE "GOODCHOICE"."POINT_DETAIL" MODIFY ("POINT_ID" NOT NULL ENABLE);
  ALTER TABLE "GOODCHOICE"."POINT_DETAIL" MODIFY ("POINT_LOG_NO" NOT NULL ENABLE);
--------------------------------------------------------
--  Constraints for Table POINT_HISTORY
--------------------------------------------------------

  ALTER TABLE "GOODCHOICE"."POINT_HISTORY" ADD CONSTRAINT "PK_POINT_HISTORY" PRIMARY KEY ("POINT_ID")
  USING INDEX PCTFREE 10 INITRANS 2 MAXTRANS 255 COMPUTE STATISTICS 
  STORAGE(INITIAL 65536 NEXT 1048576 MINEXTENTS 1 MAXEXTENTS 2147483645
  PCTINCREASE 0 FREELISTS 1 FREELIST GROUPS 1 BUFFER_POOL DEFAULT FLASH_CACHE DEFAULT CELL_FLASH_CACHE DEFAULT)
  TABLESPACE "SYSTEM"  ENABLE;
  ALTER TABLE "GOODCHOICE"."POINT_HISTORY" MODIFY ("STATUS" NOT NULL ENABLE);
  ALTER TABLE "GOODCHOICE"."POINT_HISTORY" MODIFY ("END_DATE" NOT NULL ENABLE);
  ALTER TABLE "GOODCHOICE"."POINT_HISTORY" MODIFY ("START_DATE" NOT NULL ENABLE);
  ALTER TABLE "GOODCHOICE"."POINT_HISTORY" MODIFY ("BALANCE" NOT NULL ENABLE);
  ALTER TABLE "GOODCHOICE"."POINT_HISTORY" MODIFY ("GUBUN" NOT NULL ENABLE);
  ALTER TABLE "GOODCHOICE"."POINT_HISTORY" MODIFY ("ADDPOINT" NOT NULL ENABLE);
  ALTER TABLE "GOODCHOICE"."POINT_HISTORY" MODIFY ("USER_ID" NOT NULL ENABLE);
  ALTER TABLE "GOODCHOICE"."POINT_HISTORY" MODIFY ("POINT_ID" NOT NULL ENABLE);
--------------------------------------------------------
--  Constraints for Table PUBLIC_FACILITIES
--------------------------------------------------------

  ALTER TABLE "GOODCHOICE"."PUBLIC_FACILITIES" MODIFY ("ACCOM_ID" NOT NULL ENABLE);
  ALTER TABLE "GOODCHOICE"."PUBLIC_FACILITIES" MODIFY ("SEQ" NOT NULL ENABLE);
--------------------------------------------------------
--  Constraints for Table RESERVATION
--------------------------------------------------------

  ALTER TABLE "GOODCHOICE"."RESERVATION" MODIFY ("END_DATE" NOT NULL ENABLE);
  ALTER TABLE "GOODCHOICE"."RESERVATION" MODIFY ("START_DATE" NOT NULL ENABLE);
  ALTER TABLE "GOODCHOICE"."RESERVATION" ADD CONSTRAINT "PK_RESERVATION" PRIMARY KEY ("RESERVATION_ID")
  USING INDEX PCTFREE 10 INITRANS 2 MAXTRANS 255 COMPUTE STATISTICS 
  STORAGE(INITIAL 65536 NEXT 1048576 MINEXTENTS 1 MAXEXTENTS 2147483645
  PCTINCREASE 0 FREELISTS 1 FREELIST GROUPS 1 BUFFER_POOL DEFAULT FLASH_CACHE DEFAULT CELL_FLASH_CACHE DEFAULT)
  TABLESPACE "SYSTEM"  ENABLE;
  ALTER TABLE "GOODCHOICE"."RESERVATION" MODIFY ("STATUS" NOT NULL ENABLE);
  ALTER TABLE "GOODCHOICE"."RESERVATION" MODIFY ("RESERVATION_DATE" NOT NULL ENABLE);
  ALTER TABLE "GOODCHOICE"."RESERVATION" MODIFY ("ROOM_ID" NOT NULL ENABLE);
  ALTER TABLE "GOODCHOICE"."RESERVATION" MODIFY ("USER_ID" NOT NULL ENABLE);
  ALTER TABLE "GOODCHOICE"."RESERVATION" MODIFY ("RESERVATION_ID" NOT NULL ENABLE);
--------------------------------------------------------
--  Constraints for Table RESERVATION_OPTION
--------------------------------------------------------

  ALTER TABLE "GOODCHOICE"."RESERVATION_OPTION" MODIFY ("ACCOM_ID" NOT NULL ENABLE);
  ALTER TABLE "GOODCHOICE"."RESERVATION_OPTION" MODIFY ("SEQ" NOT NULL ENABLE);
--------------------------------------------------------
--  Constraints for Table REVIEW
--------------------------------------------------------

  ALTER TABLE "GOODCHOICE"."REVIEW" ADD CONSTRAINT "PK_REVIEW" PRIMARY KEY ("REVIEW_ID")
  USING INDEX PCTFREE 10 INITRANS 2 MAXTRANS 255 COMPUTE STATISTICS 
  STORAGE(INITIAL 65536 NEXT 1048576 MINEXTENTS 1 MAXEXTENTS 2147483645
  PCTINCREASE 0 FREELISTS 1 FREELIST GROUPS 1 BUFFER_POOL DEFAULT FLASH_CACHE DEFAULT CELL_FLASH_CACHE DEFAULT)
  TABLESPACE "SYSTEM"  ENABLE;
  ALTER TABLE "GOODCHOICE"."REVIEW" MODIFY ("CONTENT" NOT NULL ENABLE);
  ALTER TABLE "GOODCHOICE"."REVIEW" MODIFY ("RATING" NOT NULL ENABLE);
  ALTER TABLE "GOODCHOICE"."REVIEW" MODIFY ("CREATED_AT" NOT NULL ENABLE);
  ALTER TABLE "GOODCHOICE"."REVIEW" MODIFY ("ROOM_ID" NOT NULL ENABLE);
  ALTER TABLE "GOODCHOICE"."REVIEW" MODIFY ("USER_ID" NOT NULL ENABLE);
  ALTER TABLE "GOODCHOICE"."REVIEW" MODIFY ("REVIEW_ID" NOT NULL ENABLE);
--------------------------------------------------------
--  Constraints for Table ROOM
--------------------------------------------------------

  ALTER TABLE "GOODCHOICE"."ROOM" ADD CONSTRAINT "PK_ROOM" PRIMARY KEY ("ROOM_ID")
  USING INDEX PCTFREE 10 INITRANS 2 MAXTRANS 255 COMPUTE STATISTICS 
  STORAGE(INITIAL 65536 NEXT 1048576 MINEXTENTS 1 MAXEXTENTS 2147483645
  PCTINCREASE 0 FREELISTS 1 FREELIST GROUPS 1 BUFFER_POOL DEFAULT FLASH_CACHE DEFAULT CELL_FLASH_CACHE DEFAULT)
  TABLESPACE "SYSTEM"  ENABLE;
  ALTER TABLE "GOODCHOICE"."ROOM" MODIFY ("TYPE" NOT NULL ENABLE);
  ALTER TABLE "GOODCHOICE"."ROOM" MODIFY ("CAPACITY" NOT NULL ENABLE);
  ALTER TABLE "GOODCHOICE"."ROOM" MODIFY ("PRICE" NOT NULL ENABLE);
  ALTER TABLE "GOODCHOICE"."ROOM" MODIFY ("ROOM_NAME" NOT NULL ENABLE);
  ALTER TABLE "GOODCHOICE"."ROOM" MODIFY ("ROOM_ID" NOT NULL ENABLE);
--------------------------------------------------------
--  Constraints for Table ROOM_FACILITIES
--------------------------------------------------------

  ALTER TABLE "GOODCHOICE"."ROOM_FACILITIES" MODIFY ("ACCOM_ID" NOT NULL ENABLE);
  ALTER TABLE "GOODCHOICE"."ROOM_FACILITIES" MODIFY ("SEQ" NOT NULL ENABLE);
--------------------------------------------------------
--  Constraints for Table SAFETY_NUMBER
--------------------------------------------------------

  ALTER TABLE "GOODCHOICE"."SAFETY_NUMBER" MODIFY ("CREATE_AT" NOT NULL ENABLE);
  ALTER TABLE "GOODCHOICE"."SAFETY_NUMBER" ADD CONSTRAINT "PK_SAFETY_NUMBER" PRIMARY KEY ("USER_ID")
  USING INDEX PCTFREE 10 INITRANS 2 MAXTRANS 255 COMPUTE STATISTICS 
  STORAGE(INITIAL 65536 NEXT 1048576 MINEXTENTS 1 MAXEXTENTS 2147483645
  PCTINCREASE 0 FREELISTS 1 FREELIST GROUPS 1 BUFFER_POOL DEFAULT FLASH_CACHE DEFAULT CELL_FLASH_CACHE DEFAULT)
  TABLESPACE "SYSTEM"  ENABLE;
  ALTER TABLE "GOODCHOICE"."SAFETY_NUMBER" MODIFY ("SAFETY_NUMBER" NOT NULL ENABLE);
  ALTER TABLE "GOODCHOICE"."SAFETY_NUMBER" MODIFY ("USER_ID" NOT NULL ENABLE);
--------------------------------------------------------
--  Constraints for Table USED_POINT
--------------------------------------------------------

  ALTER TABLE "GOODCHOICE"."USED_POINT" ADD CONSTRAINT "PK_USED_POINT" PRIMARY KEY ("POINT_LOG_NO")
  USING INDEX PCTFREE 10 INITRANS 2 MAXTRANS 255 COMPUTE STATISTICS 
  STORAGE(INITIAL 65536 NEXT 1048576 MINEXTENTS 1 MAXEXTENTS 2147483645
  PCTINCREASE 0 FREELISTS 1 FREELIST GROUPS 1 BUFFER_POOL DEFAULT FLASH_CACHE DEFAULT CELL_FLASH_CACHE DEFAULT)
  TABLESPACE "SYSTEM"  ENABLE;
  ALTER TABLE "GOODCHOICE"."USED_POINT" MODIFY ("USE_DATE" NOT NULL ENABLE);
  ALTER TABLE "GOODCHOICE"."USED_POINT" MODIFY ("GUBUN" NOT NULL ENABLE);
  ALTER TABLE "GOODCHOICE"."USED_POINT" MODIFY ("USEPOINT" NOT NULL ENABLE);
  ALTER TABLE "GOODCHOICE"."USED_POINT" MODIFY ("USER_ID" NOT NULL ENABLE);
  ALTER TABLE "GOODCHOICE"."USED_POINT" MODIFY ("POINT_LOG_NO" NOT NULL ENABLE);
--------------------------------------------------------
--  Ref Constraints for Table BED_TYPE
--------------------------------------------------------

  ALTER TABLE "GOODCHOICE"."BED_TYPE" ADD CONSTRAINT "FK_ACCOMM_TO_BED_TYPE" FOREIGN KEY ("SEQ", "ACCOM_ID")
	  REFERENCES "GOODCHOICE"."ACCOMMODATION" ("SEQ", "ACCOM_ID") ENABLE;
--------------------------------------------------------
--  Ref Constraints for Table COUPON_STATUS
--------------------------------------------------------

  ALTER TABLE "GOODCHOICE"."COUPON_STATUS" ADD CONSTRAINT "FK_COUPON_TO_COUPON_STATUS" FOREIGN KEY ("COUPON_TYPE_ID")
	  REFERENCES "GOODCHOICE"."COUPON" ("COUPON_TYPE_ID") ENABLE;
  ALTER TABLE "GOODCHOICE"."COUPON_STATUS" ADD CONSTRAINT "FK_MEMBER_TO_COUPON_STATUS" FOREIGN KEY ("USER_ID")
	  REFERENCES "GOODCHOICE"."MEMBER" ("USER_ID") ENABLE;
--------------------------------------------------------
--  Ref Constraints for Table ETC
--------------------------------------------------------

  ALTER TABLE "GOODCHOICE"."ETC" ADD CONSTRAINT "FK_ACCOMM_TO_ETC" FOREIGN KEY ("SEQ", "ACCOM_ID")
	  REFERENCES "GOODCHOICE"."ACCOMMODATION" ("SEQ", "ACCOM_ID") ENABLE;
--------------------------------------------------------
--  Ref Constraints for Table EVENT
--------------------------------------------------------

  ALTER TABLE "GOODCHOICE"."EVENT" ADD CONSTRAINT "FK_COUPON_TO_EVENT" FOREIGN KEY ("COUPON_TYPE_ID")
	  REFERENCES "GOODCHOICE"."COUPON" ("COUPON_TYPE_ID") ENABLE;
--------------------------------------------------------
--  Ref Constraints for Table EVENT_HISTORY
--------------------------------------------------------

  ALTER TABLE "GOODCHOICE"."EVENT_HISTORY" ADD CONSTRAINT "FK_EVENT_TO_EVENT_HISTORY" FOREIGN KEY ("EVENT_ID")
	  REFERENCES "GOODCHOICE"."EVENT" ("EVENT_ID") ENABLE;
  ALTER TABLE "GOODCHOICE"."EVENT_HISTORY" ADD CONSTRAINT "FK_MEM_TO_EVENT_PRTCP_HIST" FOREIGN KEY ("USER_ID")
	  REFERENCES "GOODCHOICE"."MEMBER" ("USER_ID") ENABLE;
--------------------------------------------------------
--  Ref Constraints for Table INQUIRY
--------------------------------------------------------

  ALTER TABLE "GOODCHOICE"."INQUIRY" ADD CONSTRAINT "FK_MEMBER_TO_INQUIRY" FOREIGN KEY ("USER_ID")
	  REFERENCES "GOODCHOICE"."MEMBER" ("USER_ID") ENABLE;
--------------------------------------------------------
--  Ref Constraints for Table MOTEL_BENEFIT
--------------------------------------------------------

  ALTER TABLE "GOODCHOICE"."MOTEL_BENEFIT" ADD CONSTRAINT "FK_ACCOMM_TO_MOTEL_BENEFIT" FOREIGN KEY ("SEQ", "ACCOM_ID")
	  REFERENCES "GOODCHOICE"."ACCOMMODATION" ("SEQ", "ACCOM_ID") ENABLE;
--------------------------------------------------------
--  Ref Constraints for Table MOTEL_PLAY_FACILITY
--------------------------------------------------------

  ALTER TABLE "GOODCHOICE"."MOTEL_PLAY_FACILITY" ADD CONSTRAINT "FK_ACCOMM_TO_MOTEL_PLAY" FOREIGN KEY ("SEQ", "ACCOM_ID")
	  REFERENCES "GOODCHOICE"."ACCOMMODATION" ("SEQ", "ACCOM_ID") ENABLE;
--------------------------------------------------------
--  Ref Constraints for Table MOTEL_RESERVATION_OPTIONS
--------------------------------------------------------

  ALTER TABLE "GOODCHOICE"."MOTEL_RESERVATION_OPTIONS" ADD CONSTRAINT "FK_ACCOMM_TO_MOTEL__OPTIONS" FOREIGN KEY ("SEQ", "ACCOM_ID")
	  REFERENCES "GOODCHOICE"."ACCOMMODATION" ("SEQ", "ACCOM_ID") ENABLE;
--------------------------------------------------------
--  Ref Constraints for Table MOTEL_SPAFACILITIES
--------------------------------------------------------

  ALTER TABLE "GOODCHOICE"."MOTEL_SPAFACILITIES" ADD CONSTRAINT "FK_ACCOM_TO_MOTEL_SPAFAC" FOREIGN KEY ("SEQ", "ACCOM_ID")
	  REFERENCES "GOODCHOICE"."ACCOMMODATION" ("SEQ", "ACCOM_ID") ENABLE;
--------------------------------------------------------
--  Ref Constraints for Table MOTEL_UNIQUETHEME
--------------------------------------------------------

  ALTER TABLE "GOODCHOICE"."MOTEL_UNIQUETHEME" ADD CONSTRAINT "FK_ACCOM_TO_MOTEL_UNIQTHEME" FOREIGN KEY ("SEQ", "ACCOM_ID")
	  REFERENCES "GOODCHOICE"."ACCOMMODATION" ("SEQ", "ACCOM_ID") ENABLE;
--------------------------------------------------------
--  Ref Constraints for Table PAYMENT
--------------------------------------------------------

  ALTER TABLE "GOODCHOICE"."PAYMENT" ADD CONSTRAINT "FK_RESERVATION_TO_PAYMENT" FOREIGN KEY ("RESERVATION_ID")
	  REFERENCES "GOODCHOICE"."RESERVATION" ("RESERVATION_ID") ENABLE;
--------------------------------------------------------
--  Ref Constraints for Table POINT_DETAIL
--------------------------------------------------------

  ALTER TABLE "GOODCHOICE"."POINT_DETAIL" ADD CONSTRAINT "FK_P_HISTORY_TO_P_DETAIL" FOREIGN KEY ("POINT_ID")
	  REFERENCES "GOODCHOICE"."POINT_HISTORY" ("POINT_ID") ENABLE;
  ALTER TABLE "GOODCHOICE"."POINT_DETAIL" ADD CONSTRAINT "FK_USED_POINT_TO_POINT_DETAIL" FOREIGN KEY ("POINT_LOG_NO")
	  REFERENCES "GOODCHOICE"."USED_POINT" ("POINT_LOG_NO") ENABLE;
--------------------------------------------------------
--  Ref Constraints for Table POINT_HISTORY
--------------------------------------------------------

  ALTER TABLE "GOODCHOICE"."POINT_HISTORY" ADD CONSTRAINT "FK_MEMBER_TO_POINT_HISTORY" FOREIGN KEY ("USER_ID")
	  REFERENCES "GOODCHOICE"."MEMBER" ("USER_ID") ENABLE;
--------------------------------------------------------
--  Ref Constraints for Table PUBLIC_FACILITIES
--------------------------------------------------------

  ALTER TABLE "GOODCHOICE"."PUBLIC_FACILITIES" ADD CONSTRAINT "FK_ACCOMM_TO_PUBLIC_FACILITIE" FOREIGN KEY ("SEQ", "ACCOM_ID")
	  REFERENCES "GOODCHOICE"."ACCOMMODATION" ("SEQ", "ACCOM_ID") ENABLE;
--------------------------------------------------------
--  Ref Constraints for Table RESERVATION
--------------------------------------------------------

  ALTER TABLE "GOODCHOICE"."RESERVATION" ADD CONSTRAINT "FK_MEMBER_TO_RESERVATION" FOREIGN KEY ("USER_ID")
	  REFERENCES "GOODCHOICE"."MEMBER" ("USER_ID") ENABLE;
  ALTER TABLE "GOODCHOICE"."RESERVATION" ADD CONSTRAINT "FK_ROOM_TO_RESERVATION" FOREIGN KEY ("ROOM_ID")
	  REFERENCES "GOODCHOICE"."ROOM" ("ROOM_ID") ENABLE;
--------------------------------------------------------
--  Ref Constraints for Table RESERVATION_OPTION
--------------------------------------------------------

  ALTER TABLE "GOODCHOICE"."RESERVATION_OPTION" ADD CONSTRAINT "FK_ACCOMM_TO_RESER_OPTION" FOREIGN KEY ("SEQ", "ACCOM_ID")
	  REFERENCES "GOODCHOICE"."ACCOMMODATION" ("SEQ", "ACCOM_ID") ENABLE;
--------------------------------------------------------
--  Ref Constraints for Table REVIEW
--------------------------------------------------------

  ALTER TABLE "GOODCHOICE"."REVIEW" ADD CONSTRAINT "FK_MEMBER_TO_REVIEW" FOREIGN KEY ("USER_ID")
	  REFERENCES "GOODCHOICE"."MEMBER" ("USER_ID") ENABLE;
  ALTER TABLE "GOODCHOICE"."REVIEW" ADD CONSTRAINT "FK_ROOM_TO_REVIEW" FOREIGN KEY ("ROOM_ID")
	  REFERENCES "GOODCHOICE"."ROOM" ("ROOM_ID") ENABLE;
--------------------------------------------------------
--  Ref Constraints for Table ROOM
--------------------------------------------------------

  ALTER TABLE "GOODCHOICE"."ROOM" ADD CONSTRAINT "FK_ACCOMMODATION_TO_ROOM" FOREIGN KEY ("SEQ", "ACCOM_ID")
	  REFERENCES "GOODCHOICE"."ACCOMMODATION" ("SEQ", "ACCOM_ID") ENABLE;
--------------------------------------------------------
--  Ref Constraints for Table ROOM_FACILITIES
--------------------------------------------------------

  ALTER TABLE "GOODCHOICE"."ROOM_FACILITIES" ADD CONSTRAINT "FK_ACCOMM_TO_ROOM_FACILITIES" FOREIGN KEY ("SEQ", "ACCOM_ID")
	  REFERENCES "GOODCHOICE"."ACCOMMODATION" ("SEQ", "ACCOM_ID") ENABLE;
--------------------------------------------------------
--  Ref Constraints for Table SAFETY_NUMBER
--------------------------------------------------------

  ALTER TABLE "GOODCHOICE"."SAFETY_NUMBER" ADD CONSTRAINT "FK_MEMBER_TO_SAFETY_NUMBER" FOREIGN KEY ("USER_ID")
	  REFERENCES "GOODCHOICE"."MEMBER" ("USER_ID") ENABLE;
--------------------------------------------------------
--  Ref Constraints for Table USED_POINT
--------------------------------------------------------

  ALTER TABLE "GOODCHOICE"."USED_POINT" ADD CONSTRAINT "FK_MEMBER_TO_USED_POINT" FOREIGN KEY ("USER_ID")
	  REFERENCES "GOODCHOICE"."MEMBER" ("USER_ID") ENABLE;
